,away,home,home_team,away_team,time
20171006_173713,7,2,Winnipeg Jets,Toronto Maple Leafs,20171006_173713
20171008_080732,5,4,Pittsburgh Penguins,St. Louis Blues,20171008_080732
20171008_080734,0,3,Edmonton Oilers,Calgary Flames,20171008_080734
20171008_160734,5,3,San Jose Sharks,Philadelphia Flyers,20171008_160734
20171009_153739,3,4,Boston Bruins,Nashville Predators,20171009_153739
20171008_170720,2,2,Buffalo Sabres,Montréal Canadiens,20171008_170720
20171009_160746,4,2,New York Rangers,Colorado Avalanche,20171009_160746
20171009_220745,4,4,Ottawa Senators,Washington Capitals,20171009_220745
20171008_123724,2,4,Detroit Red Wings,Minnesota Wild,20171008_123724
20171009_173752,1,10,Chicago Blackhawks,Pittsburgh Penguins,20171009_173752
20171009_180755,4,5,Anaheim Ducks,Arizona Coyotes,20171009_180755
20171006_234724,0,2,Los Angeles Kings,Philadelphia Flyers,20171006_234724
20171008_123713,0,5,Columbus Blue Jackets,New York Islanders,20171008_123713
20171010_230737,3,5,Tampa Bay Lightning,Florida Panthers,20171010_230737
20171010_223738,2,1,Dallas Stars,Vegas Golden Knights,20171010_223738
20171010_150717,5,8,Toronto Maple Leafs,New York Rangers,20171010_150717
20171011_170728,1,1,Ottawa Senators,Detroit Red Wings,20171011_170728
20200717_194202,4,5,Florida Panthers,Tampa Bay Lightning,20200717_194202
20171008_124714,1,4,New Jersey Devils,Colorado Avalanche,20171008_124714
20171011_133731,3,6,New York Islanders,Buffalo Sabres,20171011_133731
20171011_133733,0,4,Pittsburgh Penguins,Nashville Predators,20171011_133733
20171011_150733,1,6,Washington Capitals,Montréal Canadiens,20171011_150733
20171010_143726,4,4,Carolina Hurricanes,Minnesota Wild,20171010_143726
20171011_190738,2,4,St. Louis Blues,Dallas Stars,20171011_190738
20171011_170740,1,5,Chicago Blackhawks,Columbus Blue Jackets,20171011_170740
20171011_133742,2,1,Arizona Coyotes,Vegas Golden Knights,20171011_133742
20171010_163733,3,6,Calgary Flames,Winnipeg Jets,20171010_163733
20171009_063730,2,3,Vancouver Canucks,Edmonton Oilers,20171009_063730
20171011_193746,3,2,Anaheim Ducks,Philadelphia Flyers,20171011_193746
20171011_193752,4,1,San Jose Sharks,Los Angeles Kings,20171011_193752
20171012_120733,0,2,New York Rangers,Montréal Canadiens,20171012_120733
20171013_233731,4,0,Boston Bruins,Colorado Avalanche,20171013_233731
20171013_170733,2,2,New York Islanders,St. Louis Blues,20171013_170733
20200717_194210,6,2,Buffalo Sabres,New Jersey Devils,20200717_194210
20171013_213736,3,4,Toronto Maple Leafs,Chicago Blackhawks,20171013_213736
20171013_080741,3,4,Tampa Bay Lightning,Washington Capitals,20171013_080741
20171013_130739,5,2,Edmonton Oilers,Winnipeg Jets,20171013_130739
20171012_203732,2,0,Anaheim Ducks,Calgary Flames,20171012_203732
20171014_010733,3,1,New York Rangers,St. Louis Blues,20171014_010733
20171014_153732,2,1,Carolina Hurricanes,Columbus Blue Jackets,20171014_153732
20171014_220734,3,1,Montréal Canadiens,Chicago Blackhawks,20171014_220734
20171012_090718,5,6,Nashville Predators,Philadelphia Flyers,20171012_090718
20171014_160737,2,4,Dallas Stars,Detroit Red Wings,20171014_160737
20171014_163740,2,2,Vancouver Canucks,Ottawa Senators,20171014_163740
20171014_220740,2,5,Vegas Golden Knights,Arizona Coyotes,20171014_220740
20171014_150724,6,3,Toronto Maple Leafs,New Jersey Devils,20171014_150724
20171014_160726,3,2,Washington Capitals,Pittsburgh Penguins,20171014_160726
20171015_070733,3,6,Colorado Avalanche,Boston Bruins,20171015_070733
20171012_203720,2,3,Anaheim Ducks,New York Islanders,20171012_203720
20171015_170739,4,3,Los Angeles Kings,Calgary Flames,20171015_170739
20171016_200742,4,5,Tampa Bay Lightning,Pittsburgh Penguins,20171016_200742
20171016_183752,2,5,Florida Panthers,St. Louis Blues,20171016_183752
20171016_183754,1,4,Nashville Predators,Dallas Stars,20171016_183754
20171016_233842,5,2,Chicago Blackhawks,Minnesota Wild,20171016_233842
20171016_183758,4,2,Vancouver Canucks,Winnipeg Jets,20171016_183758
20171016_183759,4,2,Arizona Coyotes,Detroit Red Wings,20171016_183759
20171016_183801,2,3,San Jose Sharks,Buffalo Sabres,20171016_183801
20171017_160737,5,2,New Jersey Devils,Washington Capitals,20171017_160737
20171016_183743,1,3,Columbus Blue Jackets,New York Rangers,20171016_183743
20171017_160739,1,3,Colorado Avalanche,Anaheim Ducks,20171017_160739
20171016_183747,6,0,Calgary Flames,Ottawa Senators,20171016_183747
20171017_163741,6,3,Vegas Golden Knights,Detroit Red Wings,20171017_163741
20171018_103721,4,3,Montréal Canadiens,Toronto Maple Leafs,20171018_103721
20171018_203722,1,2,Tampa Bay Lightning,St. Louis Blues,20171018_203722
20171018_200725,3,2,New York Rangers,New Jersey Devils,20171018_200725
20171018_170725,2,8,Philadelphia Flyers,Washington Capitals,20171018_170725
20171018_140900,3,4,Pittsburgh Penguins,Florida Panthers,20171018_140900
20171018_210721,1,2,Winnipeg Jets,Carolina Hurricanes,20171018_210721
20171017_130726,1,3,Dallas Stars,Colorado Avalanche,20171017_130726
20171018_233729,5,4,Minnesota Wild,Columbus Blue Jackets,20171018_233729
20171017_170728,1,2,Chicago Blackhawks,Nashville Predators,20171017_170728
20171018_090731,6,2,Arizona Coyotes,Boston Bruins,20171018_090731
20171016_200731,6,1,Edmonton Oilers,Ottawa Senators,20171016_200731
20171017_170731,5,2,Vancouver Canucks,Calgary Flames,20171017_170731
20171018_130736,2,4,Los Angeles Kings,Buffalo Sabres,20171018_130736
20171016_183739,3,1,San Jose Sharks,New York Islanders,20171016_183739
20171019_213731,1,3,Vegas Golden Knights,Boston Bruins,20171019_213731
20171017_160715,3,1,Anaheim Ducks,Buffalo Sabres,20171017_160715
20171019_103734,2,3,Los Angeles Kings,New York Islanders,20171019_103734
20171020_130737,3,2,Detroit Red Wings,Tampa Bay Lightning,20171020_130737
20171020_153723,4,4,New Jersey Devils,Tampa Bay Lightning,20171020_153723
20171021_223735,5,4,New York Rangers,Pittsburgh Penguins,20171021_223735
20171021_123732,1,5,Philadelphia Flyers,Florida Panthers,20171021_123732
20171018_133719,2,0,Washington Capitals,Toronto Maple Leafs,20171018_133719
20171019_100720,3,0,Ottawa Senators,Vancouver Canucks,20171019_100720
20171020_000728,1,4,Nashville Predators,Colorado Avalanche,20171020_000728
20171021_123745,5,2,Winnipeg Jets,Columbus Blue Jackets,20171021_123745
20171018_140908,1,3,Dallas Stars,Arizona Coyotes,20171018_140908
20171018_210729,5,3,Edmonton Oilers,Carolina Hurricanes,20171018_210729
20171021_153744,4,5,Vegas Golden Knights,Buffalo Sabres,20171021_153744
20171019_000728,2,5,San Jose Sharks,Montréal Canadiens,20171019_000728
20171021_223730,3,6,Toronto Maple Leafs,Detroit Red Wings,20171021_223730
20171022_183738,2,5,St. Louis Blues,Chicago Blackhawks,20171022_183738
20171022_070744,1,5,Los Angeles Kings,Montréal Canadiens,20171022_070744
20171023_180741,3,6,Boston Bruins,Vancouver Canucks,20171023_180741
20171023_080748,3,3,New York Rangers,New York Islanders,20171023_080748
20171023_080749,1,0,Philadelphia Flyers,Nashville Predators,20171023_080749
20171020_180719,2,0,Columbus Blue Jackets,Tampa Bay Lightning,20171020_180719
20171020_065136,5,4,Ottawa Senators,New Jersey Devils,20171020_065136
20171023_223748,2,1,Chicago Blackhawks,Edmonton Oilers,20171023_223748
20171022_183732,4,3,Colorado Avalanche,St. Louis Blues,20171022_183732
20171022_170733,2,1,Calgary Flames,Carolina Hurricanes,20171022_170733
20171023_203752,5,4,Arizona Coyotes,Dallas Stars,20171023_203752
20171024_180733,4,2,Buffalo Sabres,Vancouver Canucks,20171024_180733
20171021_103717,3,0,New Jersey Devils,San Jose Sharks,20171021_103717
20171024_200737,4,3,Detroit Red Wings,Washington Capitals,20171024_200737
20171024_183738,4,3,Florida Panthers,Pittsburgh Penguins,20171024_183738
20171024_093738,3,4,Winnipeg Jets,Minnesota Wild,20171024_093738
20171024_223742,2,6,Anaheim Ducks,Montréal Canadiens,20171024_223742
20171025_191542,2,4,New York Rangers,Nashville Predators,20171025_191542
20171025_124710,1,2,Philadelphia Flyers,Edmonton Oilers,20171025_124710
20171025_194553,5,4,Boston Bruins,Buffalo Sabres,20171025_194553
20171024_210720,3,6,Ottawa Senators,Toronto Maple Leafs,20171024_210720
20171025_174547,1,7,Tampa Bay Lightning,Pittsburgh Penguins,20171025_174547
20171025_231550,3,5,New York Islanders,San Jose Sharks,20171025_231550
20171024_183727,4,1,Washington Capitals,Florida Panthers,20171024_183727
20171024_173724,6,4,Columbus Blue Jackets,Los Angeles Kings,20171024_173724
20171025_091554,3,4,Dallas Stars,Carolina Hurricanes,20171025_091554
20171025_224555,4,2,Arizona Coyotes,Chicago Blackhawks,20171025_224555
20171025_181610,4,2,Calgary Flames,Minnesota Wild,20171025_181610
20171025_214611,2,3,Vegas Golden Knights,St. Louis Blues,20171025_214611
20171025_142138,4,1,Detroit Red Wings,Vancouver Canucks,20171025_142138
20171026_031714,2,3,Toronto Maple Leafs,Los Angeles Kings,20171026_031714
20171026_231603,4,1,New York Rangers,San Jose Sharks,20171026_231603
20171028_211611,0,1,Buffalo Sabres,Detroit Red Wings,20171028_211611
20171028_211718,3,5,New York Islanders,Arizona Coyotes,20171028_211718
20171028_171715,6,2,Philadelphia Flyers,Anaheim Ducks,20171028_171715
20171028_231720,1,2,Pittsburgh Penguins,Edmonton Oilers,20171028_231720
20171025_232547,5,1,Carolina Hurricanes,Tampa Bay Lightning,20171025_232547
20171028_021630,1,5,Montréal Canadiens,Florida Panthers,20171028_021630
20171028_154723,2,2,Ottawa Senators,Los Angeles Kings,20171028_154723
20171027_211709,2,2,Nashville Predators,Calgary Flames,20171027_211709
20171027_141600,1,0,Minnesota Wild,Vancouver Canucks,20171027_141600
20171026_154712,3,5,Colorado Avalanche,Dallas Stars,20171026_154712
20171028_204738,2,4,Vegas Golden Knights,Chicago Blackhawks,20171028_204738
20171028_211603,1,5,Columbus Blue Jackets,Buffalo Sabres,20171028_211603
20171027_224543,2,5,St. Louis Blues,Calgary Flames,20171027_224543
20171030_031729,1,2,Boston Bruins,San Jose Sharks,20171030_031729
20171030_164727,6,3,Toronto Maple Leafs,Carolina Hurricanes,20171030_164727
20171030_204723,2,5,New York Rangers,Arizona Coyotes,20171030_204723
20171030_231723,1,2,Pittsburgh Penguins,Winnipeg Jets,20171030_231723
20171030_171733,4,0,Montréal Canadiens,Los Angeles Kings,20171030_171733
20171030_214730,4,5,Ottawa Senators,Philadelphia Flyers,20171030_214730
20171030_214732,2,3,Tampa Bay Lightning,Detroit Red Wings,20171030_214732
20171030_194623,3,8,Florida Panthers,Anaheim Ducks,20171030_194623
20171030_214623,4,6,Minnesota Wild,New York Islanders,20171030_214623
20171030_174740,4,5,Edmonton Oilers,Dallas Stars,20171030_174740
20171030_164741,2,6,Vancouver Canucks,Washington Capitals,20171030_164741
20171031_191607,0,7,Vegas Golden Knights,Colorado Avalanche,20171031_191607
20171031_154611,4,4,New Jersey Devils,Ottawa Senators,20171031_154611
20171029_004547,1,2,Columbus Blue Jackets,Winnipeg Jets,20171029_004547
20171031_204726,2,1,Carolina Hurricanes,St. Louis Blues,20171031_204726
20171031_201725,2,1,Chicago Blackhawks,Nashville Predators,20171031_201725
20171031_221723,2,1,Calgary Flames,Dallas Stars,20171031_221723
20171101_194713,3,2,Buffalo Sabres,San Jose Sharks,20171101_194713
20171101_214715,2,1,Boston Bruins,Los Angeles Kings,20171101_214715
20171101_224717,4,2,Toronto Maple Leafs,Philadelphia Flyers,20171101_224717
20171031_184703,4,5,Montréal Canadiens,New York Rangers,20171031_184703
20171101_051720,4,1,Tampa Bay Lightning,Anaheim Ducks,20171101_051720
20171101_164722,2,2,Florida Panthers,Detroit Red Wings,20171101_164722
20171101_234724,3,4,New Jersey Devils,Arizona Coyotes,20171101_234724
20171101_051724,1,4,St. Louis Blues,Columbus Blue Jackets,20171101_051724
20171031_111608,6,2,Nashville Predators,New York Islanders,20171031_111608
20171031_151608,1,2,Minnesota Wild,Pittsburgh Penguins,20171031_151608
20171101_214728,3,6,Colorado Avalanche,Chicago Blackhawks,20171101_214728
20171031_181606,5,2,Edmonton Oilers,Washington Capitals,20171031_181606
20171102_091718,3,3,Carolina Hurricanes,Anaheim Ducks,20171102_091718
20171102_174716,1,7,Winnipeg Jets,Pittsburgh Penguins,20171102_174716
20171102_141719,1,2,Calgary Flames,Washington Capitals,20171102_141719
20171103_184707,3,6,New York Islanders,Vegas Golden Knights,20171103_184707
20171103_174709,4,3,Philadelphia Flyers,Arizona Coyotes,20171103_174709
20171102_184704,3,3,Columbus Blue Jackets,Boston Bruins,20171102_184704
20171103_184712,8,3,Ottawa Senators,Montréal Canadiens,20171103_184712
20171103_144713,8,5,Florida Panthers,Tampa Bay Lightning,20171103_144713
20171103_214715,2,4,St. Louis Blues,Los Angeles Kings,20171103_214715
20171103_211719,2,1,Vancouver Canucks,Dallas Stars,20171103_211719
20171102_024719,2,3,San Jose Sharks,Toronto Maple Leafs,20171102_024719
20171104_014721,4,6,New York Rangers,Vegas Golden Knights,20171104_014721
20171103_174704,3,5,Detroit Red Wings,Arizona Coyotes,20171103_174704
20171104_204723,2,1,Minnesota Wild,Winnipeg Jets,20171104_204723
20171105_161715,0,3,Chicago Blackhawks,Philadelphia Flyers,20171105_161715
20171105_184718,3,2,Edmonton Oilers,Pittsburgh Penguins,20171105_184718
20171105_094724,2,0,Vancouver Canucks,New Jersey Devils,20171105_094724
20171105_094726,3,1,Anaheim Ducks,Toronto Maple Leafs,20171105_094726
20171105_161720,1,4,San Jose Sharks,Nashville Predators,20171105_161720
20171106_191720,1,2,Boston Bruins,Vegas Golden Knights,20171106_191720
20171105_134700,3,4,Washington Capitals,New York Islanders,20171105_134700
20171106_204724,1,3,Ottawa Senators,Detroit Red Wings,20171106_204724
20171105_071707,2,1,Tampa Bay Lightning,New York Rangers,20171105_071707
20171106_124733,7,3,Florida Panthers,Columbus Blue Jackets,20171106_124733
20171106_204728,2,0,St. Louis Blues,Philadelphia Flyers,20171106_204728
20171106_211727,3,6,Minnesota Wild,Montréal Canadiens,20171106_211727
20171106_194728,2,5,Winnipeg Jets,Dallas Stars,20171106_194728
20171106_154732,3,5,Colorado Avalanche,Carolina Hurricanes,20171106_154732
20171106_101738,1,2,Calgary Flames,Pittsburgh Penguins,20171106_101738
20200717_194219,5,4,Arizona Coyotes,Buffalo Sabres,20200717_194219
20171106_204736,3,5,Los Angeles Kings,Toronto Maple Leafs,20171106_204736
20171107_215728,3,6,Edmonton Oilers,New Jersey Devils,20171107_215728
20200717_194228,5,3,Anaheim Ducks,Nashville Predators,20200717_194228
20171107_034705,5,4,Ottawa Senators,Vegas Golden Knights,20171107_034705
20171107_205714,3,2,Boston Bruins,Washington Capitals,20171107_205714
20171108_225725,4,4,Tampa Bay Lightning,Columbus Blue Jackets,20171108_225725
20171107_202719,5,4,Florida Panthers,New York Rangers,20171107_202719
20171107_195722,4,4,Philadelphia Flyers,Colorado Avalanche,20171107_195722
20171108_175721,4,6,St. Louis Blues,Toronto Maple Leafs,20171108_175721
20171108_075727,5,4,Winnipeg Jets,Montréal Canadiens,20171108_075727
20171108_165732,1,5,Dallas Stars,Buffalo Sabres,20171108_165732
20171108_222732,2,0,Minnesota Wild,Chicago Blackhawks,20171108_222732
20200717_194236,1,1,Arizona Coyotes,Carolina Hurricanes,20200717_194236
20171108_232732,2,4,Vancouver Canucks,Pittsburgh Penguins,20171108_232732
20171108_145733,4,3,Los Angeles Kings,Nashville Predators,20171108_145733
20171108_205737,1,1,San Jose Sharks,Anaheim Ducks,20171108_205737
20171108_132711,4,0,Edmonton Oilers,Detroit Red Wings,20171108_132711
20171108_172714,4,6,New York Islanders,Colorado Avalanche,20171108_172714
20171109_145727,2,0,Chicago Blackhawks,Montréal Canadiens,20171109_145727
20171109_102728,4,4,Calgary Flames,New Jersey Devils,20171109_102728
20171110_032734,3,5,Boston Bruins,Minnesota Wild,20171110_032734
20171108_215705,3,3,Toronto Maple Leafs,Vegas Golden Knights,20171108_215705
20171110_022736,3,5,New York Rangers,Columbus Blue Jackets,20171110_022736
20171110_142724,2,3,Washington Capitals,Arizona Coyotes,20171110_142724
20171110_092729,4,1,Dallas Stars,Winnipeg Jets,20171110_092729
20171110_202727,3,2,Vancouver Canucks,Detroit Red Wings,20171110_202727
20171111_172719,1,3,Buffalo Sabres,Washington Capitals,20171111_172719
20171109_192705,3,1,New Jersey Devils,St. Louis Blues,20171109_192705
20171110_165709,2,1,New York Islanders,Edmonton Oilers,20171110_165709
20171110_215711,1,3,Pittsburgh Penguins,Arizona Coyotes,20171110_215711
20171111_175723,1,3,Carolina Hurricanes,Florida Panthers,20171111_175723
20171111_182730,3,1,Columbus Blue Jackets,Nashville Predators,20171111_182730
20171110_005717,2,3,Montréal Canadiens,Vegas Golden Knights,20171110_005717
20171111_125730,5,3,Calgary Flames,Vancouver Canucks,20171111_125730
20171111_135733,4,3,Anaheim Ducks,Los Angeles Kings,20171111_135733
20171111_012716,2,4,Toronto Maple Leafs,Minnesota Wild,20171111_012716
20171111_235716,2,4,New York Rangers,Boston Bruins,20171111_235716
20171111_085719,5,1,San Jose Sharks,Tampa Bay Lightning,20171111_085719
20171113_082730,3,2,New Jersey Devils,Edmonton Oilers,20171113_082730
20171113_065735,1,3,Philadelphia Flyers,Chicago Blackhawks,20171113_065735
20171113_175732,3,0,Montréal Canadiens,Minnesota Wild,20171113_175732
20171113_142733,2,2,St. Louis Blues,Arizona Coyotes,20171113_142733
20171113_095738,3,6,Calgary Flames,Detroit Red Wings,20171113_095738
20171113_135739,1,4,Anaheim Ducks,Vancouver Canucks,20171113_135739
20171113_215738,5,2,Los Angeles Kings,Tampa Bay Lightning,20171113_215738
20171114_175728,4,1,Buffalo Sabres,Florida Panthers,20171114_175728
20171114_162730,2,3,Toronto Maple Leafs,Boston Bruins,20171114_162730
20171111_182707,1,4,Washington Capitals,Pittsburgh Penguins,20171111_182707
20171113_182728,3,1,Columbus Blue Jackets,Carolina Hurricanes,20171113_182728
20171114_115732,0,5,Dallas Stars,New York Islanders,20171114_115732
20171114_212725,4,3,Colorado Avalanche,Ottawa Senators,20171114_212725
20171114_215735,2,5,Vegas Golden Knights,Winnipeg Jets,20171114_215735
20171115_142715,2,4,New York Rangers,Edmonton Oilers,20171115_142715
20171115_212717,4,1,Boston Bruins,Toronto Maple Leafs,20171115_212717
20171115_025733,1,2,Montréal Canadiens,Buffalo Sabres,20171115_025733
20171115_012718,3,4,Ottawa Senators,Colorado Avalanche,20171115_012718
20171113_182709,1,1,Detroit Red Wings,Columbus Blue Jackets,20171113_182709
20171114_175717,1,2,New Jersey Devils,Florida Panthers,20171114_175717
20171115_175719,1,0,Philadelphia Flyers,Minnesota Wild,20171115_175719
20171115_212725,4,3,Carolina Hurricanes,Chicago Blackhawks,20171115_212725
20171115_215727,5,2,St. Louis Blues,New York Islanders,20171115_215727
20171115_072729,4,4,Nashville Predators,Pittsburgh Penguins,20171115_072729
20171115_232730,4,1,Arizona Coyotes,Winnipeg Jets,20171115_232730
20171115_212731,0,5,San Jose Sharks,Vancouver Canucks,20171115_212731
20171115_142709,1,1,Washington Capitals,Edmonton Oilers,20171115_142709
20200102_230856,7,5,Chicago Blackhawks,New Jersey Devils,20200102_230856
20171116_202720,2,1,Anaheim Ducks,Tampa Bay Lightning,20171116_202720
20171116_185723,2,1,Los Angeles Kings,San Jose Sharks,20171116_185723
20171117_204538,1,5,Carolina Hurricanes,Dallas Stars,20171117_204538
20171116_045718,4,7,Calgary Flames,St. Louis Blues,20171116_045718
20171116_202702,4,5,Pittsburgh Penguins,Buffalo Sabres,20171116_202702
20171118_171545,2,1,Montréal Canadiens,Columbus Blue Jackets,20171118_171545
20171118_184557,3,3,Florida Panthers,Dallas Stars,20171118_184557
20171117_161531,3,6,Nashville Predators,Washington Capitals,20171117_161531
20171115_075103,0,3,Minnesota Wild,Philadelphia Flyers,20171115_075103
20171116_185710,1,4,Winnipeg Jets,Arizona Coyotes,20171116_185710
20171118_074559,2,8,Edmonton Oilers,Vegas Golden Knights,20171118_074559
20171118_094558,3,2,Los Angeles Kings,Vancouver Canucks,20171118_094558
20180327_161716,2,8,Detroit Red Wings,Calgary Flames,20180327_161716
20171119_214543,3,6,Chicago Blackhawks,New York Rangers,20171119_214543
20171118_214552,2,4,Anaheim Ducks,Boston Bruins,20171118_214552
20171119_024526,0,1,Toronto Maple Leafs,New Jersey Devils,20171119_024526
20171118_111522,4,6,New York Islanders,Carolina Hurricanes,20171118_111522
20171120_224545,5,4,Montréal Canadiens,Arizona Coyotes,20171120_224545
20171120_204550,3,1,Ottawa Senators,Pittsburgh Penguins,20171120_204550
20171120_204551,1,6,Tampa Bay Lightning,Dallas Stars,20171120_204551
20171120_074600,4,6,Minnesota Wild,Nashville Predators,20171120_074600
20171119_171534,2,2,Winnipeg Jets,Philadelphia Flyers,20171119_171534
20171120_154556,2,6,Colorado Avalanche,Washington Capitals,20171120_154556
20171119_001539,4,1,Edmonton Oilers,St. Louis Blues,20171119_001539
20171120_141558,5,2,Vancouver Canucks,Vegas Golden Knights,20171120_141558
20171119_194539,2,1,Los Angeles Kings,Boston Bruins,20171119_194539
20171119_161542,2,0,San Jose Sharks,Florida Panthers,20171119_161542
20171121_201550,0,2,Columbus Blue Jackets,New York Rangers,20171121_201550
20171121_204550,1,3,Detroit Red Wings,Buffalo Sabres,20171121_204550
20171122_154541,5,4,Philadelphia Flyers,Calgary Flames,20171122_154541
20171121_144534,3,2,Ottawa Senators,Arizona Coyotes,20171121_144534
20171122_161734,3,6,Dallas Stars,Edmonton Oilers,20171122_161734
20171122_174543,2,5,Winnipeg Jets,New Jersey Devils,20171122_174543
20171122_171545,0,4,Los Angeles Kings,Florida Panthers,20171122_171545
20171122_181548,3,1,Buffalo Sabres,Carolina Hurricanes,20171122_181548
20171121_221536,6,0,Montréal Canadiens,Toronto Maple Leafs,20171121_221536
20171122_174549,5,3,Tampa Bay Lightning,New York Islanders,20171122_174549
20171122_141601,2,1,Pittsburgh Penguins,Chicago Blackhawks,20171122_141601
20171121_174542,1,3,Washington Capitals,Minnesota Wild,20171121_174542
20171121_234544,2,5,Nashville Predators,Colorado Avalanche,20171121_234544
20171122_224554,4,3,Vancouver Canucks,St. Louis Blues,20171122_224554
20171122_201557,3,1,San Jose Sharks,Boston Bruins,20171122_201557
20171123_034558,2,4,Carolina Hurricanes,New York Islanders,20171123_034558
20171122_174532,4,3,Detroit Red Wings,Colorado Avalanche,20171122_174532
20171121_141526,0,3,New York Rangers,Ottawa Senators,20171121_141526
20171122_081540,2,4,Vegas Golden Knights,Los Angeles Kings,20171122_081540
20200717_194244,2,3,Anaheim Ducks,Florida Panthers,20200717_194244
20171124_161551,3,2,Buffalo Sabres,Columbus Blue Jackets,20171124_161551
20171124_101550,4,1,Toronto Maple Leafs,Arizona Coyotes,20171124_101550
20171123_184528,4,1,Washington Capitals,Calgary Flames,20171123_184528
20171124_154551,3,5,Nashville Predators,Winnipeg Jets,20171124_154551
20171124_094553,4,3,Minnesota Wild,New Jersey Devils,20171124_094553
20171124_184614,2,2,San Jose Sharks,Anaheim Ducks,20171124_184614
20171125_071608,5,2,Philadelphia Flyers,Vancouver Canucks,20171125_071608
20171124_171550,3,8,St. Louis Blues,Edmonton Oilers,20171124_171550
20200717_194252,1,3,Dallas Stars,Montréal Canadiens,20200717_194252
20171124_154520,5,4,Buffalo Sabres,Minnesota Wild,20171124_154520
20171123_172524,6,2,Detroit Red Wings,Edmonton Oilers,20171123_172524
20171125_174523,1,1,Florida Panthers,Toronto Maple Leafs,20171125_174523
20171126_031612,2,2,New Jersey Devils,Boston Bruins,20171126_031612
20171126_184552,3,4,New York Islanders,Philadelphia Flyers,20171126_184552
20171126_164558,5,2,Pittsburgh Penguins,Vancouver Canucks,20171126_164558
20171126_164559,2,5,Washington Capitals,Ottawa Senators,20171126_164559
20171126_181556,6,1,Carolina Hurricanes,New York Rangers,20171126_181556
20171126_164603,0,1,Columbus Blue Jackets,Calgary Flames,20171126_164603
20171126_131604,2,3,Tampa Bay Lightning,Chicago Blackhawks,20171126_131604
20171125_171536,2,2,Nashville Predators,Montréal Canadiens,20171125_171536
20171125_151538,0,3,Colorado Avalanche,Dallas Stars,20171125_151538
20171126_121604,3,1,Arizona Coyotes,San Jose Sharks,20171126_121604
20171126_211612,4,2,Anaheim Ducks,Vegas Golden Knights,20171126_211612
20171126_221604,2,1,Los Angeles Kings,Winnipeg Jets,20171126_221604
20171128_214555,3,4,Boston Bruins,Pittsburgh Penguins,20171128_214555
20171128_094557,5,4,Philadelphia Flyers,New York Islanders,20171128_094557
20171128_214558,2,2,Minnesota Wild,Colorado Avalanche,20171128_214558
20171128_114600,4,1,Anaheim Ducks,Winnipeg Jets,20171128_114600
20171128_194548,1,3,Washington Capitals,Tampa Bay Lightning,20171128_194548
20171127_204546,1,3,Buffalo Sabres,Edmonton Oilers,20171127_204546
20171128_144557,2,3,New Jersey Devils,Vancouver Canucks,20171128_144557
20171126_091532,1,2,New York Rangers,Detroit Red Wings,20171126_091532
20171128_194555,2,5,Columbus Blue Jackets,Ottawa Senators,20171128_194555
20171128_074609,5,4,Carolina Hurricanes,Toronto Maple Leafs,20171128_074609
20171126_024616,2,0,St. Louis Blues,Nashville Predators,20171126_024616
20171126_151541,4,6,Dallas Stars,Calgary Flames,20171126_151541
20171128_081607,2,3,Arizona Coyotes,Los Angeles Kings,20171128_081607
20171128_131607,4,5,Vegas Golden Knights,San Jose Sharks,20171128_131607
20171129_194535,4,2,Toronto Maple Leafs,Washington Capitals,20171129_194535
20171129_201539,0,3,Montréal Canadiens,Buffalo Sabres,20171129_201539
20171128_224529,2,1,Ottawa Senators,New York Islanders,20171128_224529
20171126_144527,4,3,Detroit Red Wings,New Jersey Devils,20171126_144527
20171129_134550,4,1,Florida Panthers,Chicago Blackhawks,20171129_134550
20171129_104549,2,5,Pittsburgh Penguins,Tampa Bay Lightning,20171129_104549
20171128_071541,3,6,St. Louis Blues,Minnesota Wild,20171128_071541
20171129_221554,4,2,Arizona Coyotes,Vegas Golden Knights,20171129_221554
20171129_104557,3,2,Colorado Avalanche,Calgary Flames,20171129_104557
20171129_104556,0,4,San Jose Sharks,Winnipeg Jets,20171129_104556
20171129_091554,1,1,Los Angeles Kings,Anaheim Ducks,20171129_091554
20171130_214546,3,3,Carolina Hurricanes,Nashville Predators,20171130_214546
20171130_184547,3,3,New York Rangers,Vancouver Canucks,20171130_184547
20171130_161551,4,2,Boston Bruins,Edmonton Oilers,20171130_161551
20171130_204537,3,2,New Jersey Devils,Florida Panthers,20171130_204537
20171201_081547,4,5,Pittsburgh Penguins,Philadelphia Flyers,20171201_081547
20171201_151545,1,3,Montréal Canadiens,Columbus Blue Jackets,20171201_151545
20171130_181541,2,7,Winnipeg Jets,Minnesota Wild,20171130_181541
20171201_201549,3,7,Chicago Blackhawks,Anaheim Ducks,20171201_201549
20171202_174540,2,0,Buffalo Sabres,Tampa Bay Lightning,20171202_174540
20171202_191542,2,5,New York Islanders,Vancouver Canucks,20171202_191542
20171201_184529,5,4,New York Rangers,Florida Panthers,20171201_184529
20171202_194544,3,1,Philadelphia Flyers,San Jose Sharks,20171202_194544
20171202_164552,2,2,Columbus Blue Jackets,Carolina Hurricanes,20171202_164552
20171201_184534,4,1,Detroit Red Wings,Los Angeles Kings,20171201_184534
20171129_214537,2,3,Nashville Predators,Chicago Blackhawks,20171129_214537
20171202_064553,4,1,Calgary Flames,Toronto Maple Leafs,20171202_064553
20171202_211553,2,3,Edmonton Oilers,Arizona Coyotes,20171202_211553
20171202_184556,3,0,Vegas Golden Knights,Dallas Stars,20171202_184556
20171203_021626,2,3,Boston Bruins,Tampa Bay Lightning,20171203_021626
20171203_174548,1,2,Montréal Canadiens,Ottawa Senators,20171203_174548
20171202_224536,3,2,St. Louis Blues,Anaheim Ducks,20171202_224536
20171202_014549,2,3,Colorado Avalanche,Winnipeg Jets,20171202_014549
20171203_091541,5,2,Washington Capitals,Los Angeles Kings,20171203_091541
20171204_191556,6,3,Detroit Red Wings,Montréal Canadiens,20171204_191556
20171204_224602,5,3,Nashville Predators,Vancouver Canucks,20171204_224602
20171203_214540,2,4,Minnesota Wild,Vegas Golden Knights,20171203_214540
20171203_171546,4,3,Chicago Blackhawks,Dallas Stars,20171203_171546
20171203_204541,0,3,Calgary Flames,Arizona Coyotes,20171203_204541
20171204_211603,6,4,Edmonton Oilers,Toronto Maple Leafs,20171204_211603
20171205_204545,4,0,Buffalo Sabres,Pittsburgh Penguins,20171205_204545
20171204_221541,6,5,New York Islanders,Ottawa Senators,20171204_221541
20171204_161549,1,5,New York Rangers,Carolina Hurricanes,20171204_161549
20171204_201547,2,4,Columbus Blue Jackets,Anaheim Ducks,20171204_201547
20171205_141604,2,1,Florida Panthers,San Jose Sharks,20171205_141604
20171205_111605,4,1,St. Louis Blues,Los Angeles Kings,20171205_111605
20200717_194302,4,7,Winnipeg Jets,Vegas Golden Knights,20200717_194302
20171205_141609,2,1,Colorado Avalanche,New Jersey Devils,20171205_141609
20171206_163705,3,0,Philadelphia Flyers,Boston Bruins,20171206_163705
20171205_071529,1,2,Minnesota Wild,St. Louis Blues,20171205_071529
20171206_111843,1,10,Montréal Canadiens,Detroit Red Wings,20171206_111843
20171206_112047,2,5,Tampa Bay Lightning,San Jose Sharks,20171206_112047
20171206_112316,1,5,Pittsburgh Penguins,Buffalo Sabres,20171206_112316
20171206_170702,3,4,Washington Capitals,Columbus Blue Jackets,20171206_170702
20171203_073927,1,2,Vancouver Canucks,Toronto Maple Leafs,20171203_073927
20171206_193703,2,3,Carolina Hurricanes,Florida Panthers,20171206_193703
20171206_163722,2,2,Nashville Predators,Anaheim Ducks,20171206_163722
20171206_163719,0,5,Arizona Coyotes,New Jersey Devils,20171206_163719
20171206_210714,2,2,Dallas Stars,Chicago Blackhawks,20171206_210714
20171206_163726,7,5,Calgary Flames,Edmonton Oilers,20171206_163726
20171207_223705,3,1,Chicago Blackhawks,Los Angeles Kings,20171207_223705
20171207_143706,0,5,Winnipeg Jets,Ottawa Senators,20171207_143706
20200717_194311,7,2,Colorado Avalanche,Dallas Stars,20200717_194311
20171206_213650,2,3,Vegas Golden Knights,Arizona Coyotes,20171206_213650
20171208_190704,1,4,Washington Capitals,San Jose Sharks,20171208_190704
20171208_220709,4,4,Florida Panthers,New York Islanders,20171208_220709
20171208_170707,3,5,Nashville Predators,Boston Bruins,20171208_170707
20171208_220713,5,2,Calgary Flames,Philadelphia Flyers,20171208_220713
20171209_090705,4,3,Pittsburgh Penguins,New York Rangers,20171209_090705
20171209_063702,4,1,Columbus Blue Jackets,New Jersey Devils,20171209_063702
20171208_233651,4,3,Montréal Canadiens,St. Louis Blues,20171208_233651
20171209_120707,1,5,Detroit Red Wings,Winnipeg Jets,20171209_120707
20171209_230712,2,6,Tampa Bay Lightning,New York Islanders,20171209_230712
20171209_230713,5,2,Dallas Stars,Nashville Predators,20171209_230713
20171209_033718,4,2,Colorado Avalanche,Buffalo Sabres,20171209_033718
20171207_150650,0,3,Vancouver Canucks,Carolina Hurricanes,20171207_150650
20171209_190714,3,3,Vegas Golden Knights,Anaheim Ducks,20171209_190714
20171209_210717,2,5,Los Angeles Kings,Minnesota Wild,20171209_210717
20171209_093657,1,1,Toronto Maple Leafs,Calgary Flames,20171209_093657
20171209_203659,2,6,Washington Capitals,Chicago Blackhawks,20171209_203659
20171210_173706,4,2,Edmonton Oilers,Philadelphia Flyers,20171210_173706
20171210_053733,0,3,Anaheim Ducks,Ottawa Senators,20171210_053733
20171211_213711,1,6,Boston Bruins,Arizona Coyotes,20171211_213711
20171210_230649,3,4,Pittsburgh Penguins,New York Islanders,20171210_230649
20171209_093641,3,2,Montréal Canadiens,Calgary Flames,20171209_093641
20171211_023720,2,5,Tampa Bay Lightning,Colorado Avalanche,20171211_023720
20171211_150716,4,6,Florida Panthers,Winnipeg Jets,20171211_150716
20171210_100659,0,3,St. Louis Blues,Dallas Stars,20171210_100659
20171211_160715,4,1,Vancouver Canucks,Philadelphia Flyers,20171211_160715
20171210_143658,3,4,Los Angeles Kings,Ottawa Senators,20171210_143658
20171211_140719,4,5,San Jose Sharks,Carolina Hurricanes,20171211_140719
20171212_110704,5,3,New Jersey Devils,Columbus Blue Jackets,20171212_110704
20171212_190708,2,4,Washington Capitals,New York Rangers,20171212_190708
20171212_180713,3,3,Nashville Predators,Vegas Golden Knights,20171212_180713
20171209_224643,2,3,Chicago Blackhawks,Buffalo Sabres,20171209_224643
20171212_213713,3,2,Anaheim Ducks,Minnesota Wild,20171212_213713
20171213_230700,1,3,Boston Bruins,New York Islanders,20171213_230700
20171213_230703,6,2,Montréal Canadiens,Edmonton Oilers,20171213_230703
20171213_233654,6,1,Detroit Red Wings,St. Louis Blues,20171213_233654
20171213_230705,3,4,Tampa Bay Lightning,Winnipeg Jets,20171213_230705
20171213_230708,7,3,Florida Panthers,Colorado Avalanche,20171213_230708
20171213_230710,2,5,New York Rangers,New Jersey Devils,20171213_230710
20171213_010719,4,3,Pittsburgh Penguins,Toronto Maple Leafs,20171213_010719
20171213_230714,0,1,Columbus Blue Jackets,Arizona Coyotes,20171213_230714
20171213_230716,5,3,Dallas Stars,Vegas Golden Knights,20171213_230716
20171213_230719,2,4,Calgary Flames,Vancouver Canucks,20171213_230719
20171213_230718,0,5,San Jose Sharks,Ottawa Senators,20171213_230718
20171213_230721,2,3,Los Angeles Kings,Carolina Hurricanes,20171213_230721
20171214_003705,0,1,Toronto Maple Leafs,Edmonton Oilers,20171214_003705
20171214_043703,1,3,Chicago Blackhawks,Arizona Coyotes,20171214_043703
20200717_194319,2,3,St. Louis Blues,Buffalo Sabres,20200717_194319
20171214_190711,4,3,San Jose Sharks,Minnesota Wild,20171214_190711
20171215_050711,1,3,New York Islanders,Washington Capitals,20171215_050711
20171213_233639,1,1,New York Rangers,Dallas Stars,20171213_233639
20171213_230642,2,1,Pittsburgh Penguins,Colorado Avalanche,20171213_230642
20171215_003706,2,1,Detroit Red Wings,Florida Panthers,20171215_003706
20171215_123706,1,5,Winnipeg Jets,Vancouver Canucks,20171215_123706
20171215_180708,2,3,Anaheim Ducks,Carolina Hurricanes,20171215_180708
20171216_140705,2,3,Buffalo Sabres,Ottawa Senators,20171216_140705
20171216_170703,1,5,New Jersey Devils,Los Angeles Kings,20171216_170703
20171216_000707,2,4,Philadelphia Flyers,Toronto Maple Leafs,20171216_000707
20171215_143650,2,5,Washington Capitals,Colorado Avalanche,20171215_143650
20171214_230645,7,2,Columbus Blue Jackets,Edmonton Oilers,20171214_230645
20171215_173653,3,0,St. Louis Blues,Tampa Bay Lightning,20171215_173653
20171214_070649,1,1,Minnesota Wild,Calgary Flames,20171214_070649
20171216_183716,2,3,Chicago Blackhawks,Florida Panthers,20171216_183716
20171216_133719,2,2,Vegas Golden Knights,Carolina Hurricanes,20171216_133719
20171216_200659,2,3,Ottawa Senators,New York Rangers,20171216_200659
20171217_230709,5,2,New York Islanders,Dallas Stars,20171217_230709
20171217_173710,3,2,Detroit Red Wings,Boston Bruins,20171217_173710
20171217_150708,7,1,Vancouver Canucks,Nashville Predators,20171217_150708
20171218_223709,5,3,Boston Bruins,Washington Capitals,20171218_223709
20171218_210709,1,2,Philadelphia Flyers,Buffalo Sabres,20171218_210709
20200717_194327,4,6,Columbus Blue Jackets,New York Islanders,20200717_194327
20171217_170653,1,2,Montréal Canadiens,New Jersey Devils,20171217_170653
20171218_210714,3,1,St. Louis Blues,Anaheim Ducks,20171218_210714
20171217_193657,0,2,Minnesota Wild,Toronto Maple Leafs,20171217_193657
20171218_163714,5,1,Winnipeg Jets,Chicago Blackhawks,20171218_163714
20171218_150719,1,2,Colorado Avalanche,Florida Panthers,20171218_150719
20171218_220717,3,2,Calgary Flames,San Jose Sharks,20171218_220717
20171218_193719,4,0,Edmonton Oilers,Nashville Predators,20171218_193719
20171216_073658,4,1,Arizona Coyotes,Tampa Bay Lightning,20171216_073658
20171218_220722,1,2,Vegas Golden Knights,Pittsburgh Penguins,20171218_220722
20171219_140705,5,4,Buffalo Sabres,Carolina Hurricanes,20171219_140705
20171219_193706,2,5,New Jersey Devils,Dallas Stars,20171219_193706
20171219_230710,2,4,New York Rangers,Los Angeles Kings,20171219_230710
20171219_150707,1,3,Detroit Red Wings,Toronto Maple Leafs,20171219_150707
20171219_163709,3,4,Vancouver Canucks,San Jose Sharks,20171219_163709
20171220_190654,3,2,Minnesota Wild,Edmonton Oilers,20171220_190654
20171219_090651,3,2,Boston Bruins,New York Rangers,20171219_090651
20171220_160659,0,3,Ottawa Senators,Montréal Canadiens,20171220_160659
20171219_230653,3,4,New York Islanders,Los Angeles Kings,20171219_230653
20171220_163706,1,2,Philadelphia Flyers,Dallas Stars,20171220_163706
20171218_160641,0,2,St. Louis Blues,Winnipeg Jets,20171218_160641
20171218_210652,2,3,Washington Capitals,Anaheim Ducks,20171218_210652
20171220_173706,1,2,Carolina Hurricanes,Columbus Blue Jackets,20171220_173706
20171220_160707,4,2,Arizona Coyotes,Pittsburgh Penguins,20171220_160707
20171220_223710,6,5,Colorado Avalanche,Tampa Bay Lightning,20171220_223710
20171220_173713,2,0,Calgary Flames,Nashville Predators,20171220_173713
20171221_060705,0,4,Winnipeg Jets,St. Louis Blues,20171221_060705
20171221_233707,1,4,Chicago Blackhawks,Minnesota Wild,20171221_233707
20171221_230712,6,1,Vancouver Canucks,Calgary Flames,20171221_230712
20171221_213710,2,5,Vegas Golden Knights,Florida Panthers,20171221_213710
20171222_160707,2,7,Boston Bruins,Columbus Blue Jackets,20171222_160707
20171222_170706,3,5,New Jersey Devils,Anaheim Ducks,20171222_170706
20171222_163706,4,1,Philadelphia Flyers,Los Angeles Kings,20171222_163706
20171222_200705,2,4,Colorado Avalanche,Pittsburgh Penguins,20171222_200705
20171222_190709,3,5,Edmonton Oilers,San Jose Sharks,20171222_190709
20200717_194335,1,8,Toronto Maple Leafs,Carolina Hurricanes,20200717_194335
20171221_213646,3,0,Buffalo Sabres,Boston Bruins,20171221_213646
20171223_140704,6,3,New York Islanders,Detroit Red Wings,20171223_140704
20171222_200646,1,4,New York Rangers,Anaheim Ducks,20171222_200646
20171223_213708,6,4,Ottawa Senators,Minnesota Wild,20171223_213708
20171223_063719,6,4,Nashville Predators,Winnipeg Jets,20171223_063719
20171223_213715,4,3,Dallas Stars,Washington Capitals,20171223_213715
20171223_230717,3,2,Arizona Coyotes,Florida Panthers,20171223_230717
20171222_093703,7,5,Vancouver Canucks,Montréal Canadiens,20171222_093703
20171222_093705,3,4,Vegas Golden Knights,Tampa Bay Lightning,20171222_093705
20171224_213704,2,4,Columbus Blue Jackets,Toronto Maple Leafs,20171224_213704
20171224_170708,3,4,Philadelphia Flyers,Detroit Red Wings,20171224_170708
20171224_043706,1,2,Calgary Flames,St. Louis Blues,20171224_043706
20171225_153708,1,1,Boston Bruins,Winnipeg Jets,20171225_153708
20171225_040708,3,3,New Jersey Devils,New York Rangers,20171225_040708
20171225_223711,5,4,New York Islanders,Anaheim Ducks,20171225_223711
20171225_223713,2,2,Pittsburgh Penguins,Columbus Blue Jackets,20171225_223713
20171225_223716,3,3,Tampa Bay Lightning,Ottawa Senators,20171225_223716
20171225_223719,4,1,Nashville Predators,Carolina Hurricanes,20171225_223719
20171225_223722,0,4,Dallas Stars,Chicago Blackhawks,20171225_223722
20171225_190719,2,3,Edmonton Oilers,St. Louis Blues,20171225_190719
20171225_200721,1,2,Los Angeles Kings,Colorado Avalanche,20171225_200721
20171225_123723,4,5,San Jose Sharks,Vancouver Canucks,20171225_123723
20171225_153702,2,4,Buffalo Sabres,Philadelphia Flyers,20171225_153702
20200717_194343,2,4,Florida Panthers,Minnesota Wild,20200717_194343
20171226_190706,3,2,Calgary Flames,Montréal Canadiens,20171226_190706
20171226_203711,2,3,Arizona Coyotes,Washington Capitals,20171226_203711
20171227_143639,1,3,Boston Bruins,Detroit Red Wings,20171227_143639
20171227_203641,2,5,New York Islanders,Winnipeg Jets,20171227_203641
20171227_173643,0,3,Tampa Bay Lightning,Minnesota Wild,20171227_173643
20171227_200644,0,1,Florida Panthers,Ottawa Senators,20171227_200644
20171227_163646,1,4,New Jersey Devils,Chicago Blackhawks,20171227_163646
20171227_023646,3,2,New York Rangers,Toronto Maple Leafs,20171227_023646
20171225_130649,4,0,Pittsburgh Penguins,Anaheim Ducks,20171225_130649
20171227_200652,2,4,Carolina Hurricanes,Buffalo Sabres,20171227_200652
20171227_170654,1,1,Columbus Blue Jackets,Philadelphia Flyers,20171227_170654
20171226_120642,1,4,Edmonton Oilers,Montréal Canadiens,20171226_120642
20171227_143657,3,3,Dallas Stars,Nashville Predators,20171227_143657
20171226_043654,6,2,Arizona Coyotes,Colorado Avalanche,20171226_043654
20171227_070656,0,3,Vegas Golden Knights,Washington Capitals,20171227_070656
20171227_173654,3,1,Vancouver Canucks,St. Louis Blues,20171227_173654
20171227_150700,0,2,San Jose Sharks,Los Angeles Kings,20171227_150700
20171231_183536,1,5,Boston Bruins,Ottawa Senators,20171231_183536
20171231_162008,1,3,New Jersey Devils,Detroit Red Wings,20171231_162008
20171231_063547,2,3,New York Islanders,Buffalo Sabres,20171231_063547
20171228_051610,0,0,New York Rangers,Washington Capitals,20171228_051610
20171231_175009,4,4,Pittsburgh Penguins,Columbus Blue Jackets,20171231_175009
20171231_072015,1,3,Carolina Hurricanes,Montréal Canadiens,20171231_072015
20171231_012020,2,1,St. Louis Blues,Nashville Predators,20171231_012020
20171231_183546,2,4,Minnesota Wild,Dallas Stars,20171231_183546
20171231_180552,3,4,Winnipeg Jets,Edmonton Oilers,20171231_180552
20171231_202018,3,1,Colorado Avalanche,Arizona Coyotes,20171231_202018
20171230_155003,4,1,Anaheim Ducks,Vegas Golden Knights,20171230_155003
20180101_082006,3,3,Washington Capitals,Boston Bruins,20180101_082006
20180101_233540,1,3,Tampa Bay Lightning,Montréal Canadiens,20180101_233540
20180101_230538,2,3,Florida Panthers,Philadelphia Flyers,20180101_230538
20180101_205010,7,4,Arizona Coyotes,Toronto Maple Leafs,20180101_205010
20180101_233545,2,5,Vancouver Canucks,Chicago Blackhawks,20180101_233545
20180101_192009,3,2,Los Angeles Kings,Vegas Golden Knights,20180101_192009
20171231_173535,2,2,San Jose Sharks,Calgary Flames,20171231_173535
20180102_044959,4,3,New Jersey Devils,Buffalo Sabres,20180102_044959
20180102_232001,4,5,Ottawa Senators,Columbus Blue Jackets,20180102_232001
20171231_203509,2,2,Detroit Red Wings,New York Rangers,20171231_203509
20180102_203534,5,3,Tampa Bay Lightning,Philadelphia Flyers,20180102_203534
20180102_153537,1,2,Carolina Hurricanes,Pittsburgh Penguins,20180102_153537
20180102_032013,2,4,Minnesota Wild,Nashville Predators,20180102_032013
20180102_120543,2,4,Winnipeg Jets,New York Islanders,20180102_120543
20180102_162012,2,4,Dallas Stars,St. Louis Blues,20180102_162012
20180102_163541,3,4,Colorado Avalanche,Toronto Maple Leafs,20180102_163541
20180102_202013,4,3,Edmonton Oilers,Chicago Blackhawks,20180102_202013
20180102_190554,1,2,Anaheim Ducks,Calgary Flames,20180102_190554
20180103_213524,5,0,Ottawa Senators,Boston Bruins,20180103_213524
20180103_001952,0,2,Florida Panthers,Montréal Canadiens,20180103_001952
20180103_110526,2,5,Washington Capitals,New Jersey Devils,20180103_110526
20180103_210528,2,3,St. Louis Blues,Carolina Hurricanes,20180103_210528
20180103_184957,0,3,Nashville Predators,Minnesota Wild,20180103_184957
20180103_025035,4,3,Vancouver Canucks,Los Angeles Kings,20180103_025035
20180104_223527,3,6,Vegas Golden Knights,Toronto Maple Leafs,20180104_223527
20180104_200531,5,0,Columbus Blue Jackets,Tampa Bay Lightning,20180104_200531
20180104_105008,1,4,Detroit Red Wings,Pittsburgh Penguins,20180104_105008
20180104_172005,0,6,Dallas Stars,San Jose Sharks,20180104_172005
20180104_213535,1,6,Colorado Avalanche,New York Islanders,20180104_213535
20180104_204957,2,5,Anaheim Ducks,Arizona Coyotes,20180104_204957
20180104_235009,3,4,Calgary Flames,Chicago Blackhawks,20180104_235009
20180103_221943,5,0,Edmonton Oilers,Winnipeg Jets,20180103_221943
20180105_181959,3,2,Buffalo Sabres,New York Rangers,20180105_181959
20180106_001959,2,0,Toronto Maple Leafs,Tampa Bay Lightning,20180106_001959
20180106_202005,5,1,New York Islanders,Boston Bruins,20180106_202005
20180106_230535,5,1,Philadelphia Flyers,Pittsburgh Penguins,20180106_230535
20180106_203534,5,4,Carolina Hurricanes,Washington Capitals,20180106_203534
20180106_182004,4,1,Montréal Canadiens,San Jose Sharks,20180106_182004
20180106_173536,2,2,St. Louis Blues,New Jersey Devils,20180106_173536
20180106_223539,1,5,Minnesota Wild,Florida Panthers,20180106_223539
20180106_203541,2,1,Dallas Stars,Columbus Blue Jackets,20180106_203541
20180106_150540,2,3,Colorado Avalanche,Winnipeg Jets,20180106_150540
20180106_215015,5,0,Edmonton Oilers,Los Angeles Kings,20180106_215015
20180106_235019,5,0,Vancouver Canucks,Anaheim Ducks,20180106_235019
20180105_213530,0,3,Vegas Golden Knights,Nashville Predators,20180105_213530
20180106_140526,1,2,Detroit Red Wings,Ottawa Senators,20180106_140526
20180107_092014,5,2,New York Rangers,Chicago Blackhawks,20180107_092014
20180412_154835,4,2,Boston Bruins,Florida Panthers,20180412_154835
20180107_231955,2,2,Toronto Maple Leafs,San Jose Sharks,20180107_231955
20180108_230534,4,6,Philadelphia Flyers,New York Islanders,20180108_230534
20180108_235008,4,0,Pittsburgh Penguins,Carolina Hurricanes,20180108_235008
20180108_202009,1,1,Montréal Canadiens,Tampa Bay Lightning,20180108_202009
20180108_172010,1,2,St. Louis Blues,Vegas Golden Knights,20180108_172010
20180108_155013,2,6,Minnesota Wild,Buffalo Sabres,20180108_155013
20180108_053555,3,4,Dallas Stars,New Jersey Devils,20180108_053555
20180108_203545,0,2,Colorado Avalanche,Columbus Blue Jackets,20180108_203545
20180108_223545,3,4,Calgary Flames,Los Angeles Kings,20180108_223545
20180107_163532,1,1,Edmonton Oilers,Anaheim Ducks,20180107_163532
20180108_180550,2,3,Arizona Coyotes,Nashville Predators,20180108_180550
20180109_210542,4,0,New York Islanders,Pittsburgh Penguins,20180109_210542
20180109_073543,5,6,Ottawa Senators,San Jose Sharks,20180109_073543
20180109_230546,2,4,Detroit Red Wings,Florida Panthers,20180109_230546
20180109_190547,3,4,Winnipeg Jets,Buffalo Sabres,20180109_190547
20180109_215017,5,4,Chicago Blackhawks,Vegas Golden Knights,20180109_215017
20180110_151956,3,6,Philadelphia Flyers,St. Louis Blues,20180110_151956
20180110_231958,1,5,Dallas Stars,Edmonton Oilers,20180110_231958
20180110_203538,2,7,Colorado Avalanche,Minnesota Wild,20180110_203538
20180110_233530,1,7,Boston Bruins,Carolina Hurricanes,20180110_233530
20180110_165001,2,2,Toronto Maple Leafs,Vancouver Canucks,20180110_165001
20180110_210534,3,6,Ottawa Senators,Tampa Bay Lightning,20180110_210534
20200717_194351,1,1,Arizona Coyotes,New York Rangers,20200717_194351
20180110_225013,2,3,Calgary Flames,Anaheim Ducks,20180110_225013
20180110_180539,4,3,Los Angeles Kings,Nashville Predators,20180110_180539
20180111_191954,4,4,New York Islanders,New Jersey Devils,20180111_191954
20180111_153524,1,4,Philadelphia Flyers,Buffalo Sabres,20180111_153524
20180111_210528,3,4,Washington Capitals,St. Louis Blues,20180111_210528
20180111_231955,1,4,Chicago Blackhawks,Edmonton Oilers,20180111_231955
20180111_013527,1,4,Winnipeg Jets,San Jose Sharks,20180111_013527
20180110_201946,2,2,Columbus Blue Jackets,Florida Panthers,20180110_201946
20180111_105008,2,5,Montréal Canadiens,Vancouver Canucks,20180111_105008
20180111_195004,5,2,Detroit Red Wings,Tampa Bay Lightning,20180111_195004
20180111_230535,5,6,Pittsburgh Penguins,Boston Bruins,20180111_230535
20180110_114958,1,2,Vegas Golden Knights,New York Rangers,20180110_114958
20180112_181952,3,2,Toronto Maple Leafs,Columbus Blue Jackets,20180112_181952
20180113_121944,7,4,Buffalo Sabres,Winnipeg Jets,20180113_121944
20180113_180518,1,3,Washington Capitals,Vancouver Canucks,20180113_180518
20180113_224951,8,2,Ottawa Senators,Chicago Blackhawks,20180113_224951
20180113_233522,4,5,Tampa Bay Lightning,Carolina Hurricanes,20180113_233522
20180113_184955,7,4,St. Louis Blues,Florida Panthers,20180113_184955
20180113_133525,1,2,Nashville Predators,Edmonton Oilers,20180113_133525
20180113_233527,3,2,Minnesota Wild,Calgary Flames,20180113_233527
20180114_094950,4,3,Toronto Maple Leafs,Ottawa Senators,20180114_094950
20180113_154942,2,1,Chicago Blackhawks,Minnesota Wild,20180113_154942
20180115_081959,1,3,Buffalo Sabres,Columbus Blue Jackets,20180115_081959
20180115_105003,3,1,Washington Capitals,Carolina Hurricanes,20180115_105003
20180115_215005,5,1,Tampa Bay Lightning,Calgary Flames,20180115_215005
20180116_211958,5,2,Columbus Blue Jackets,Vancouver Canucks,20180116_211958
20180116_175001,4,2,Florida Panthers,Calgary Flames,20180116_175001
20180116_200534,4,3,Carolina Hurricanes,Washington Capitals,20180116_200534
20180116_193534,1,2,Chicago Blackhawks,Winnipeg Jets,20180116_193534
20180115_032003,4,2,Arizona Coyotes,Edmonton Oilers,20180115_032003
20180117_034951,7,2,New York Rangers,New York Islanders,20180117_034951
20180117_180525,1,4,Pittsburgh Penguins,Detroit Red Wings,20180117_180525
20180117_163524,3,3,Montréal Canadiens,Boston Bruins,20180117_163524
20180117_220528,5,3,New Jersey Devils,Philadelphia Flyers,20180117_220528
20200717_194359,1,4,Minnesota Wild,Winnipeg Jets,20200717_194359
20180117_113532,4,1,Dallas Stars,Colorado Avalanche,20180117_113532
20180117_195001,3,2,Vegas Golden Knights,Edmonton Oilers,20180117_195001
20180117_212002,4,2,Los Angeles Kings,Anaheim Ducks,20180117_212002
20180117_213535,5,6,San Jose Sharks,Arizona Coyotes,20180117_213535
20180118_120527,2,5,Pittsburgh Penguins,New York Rangers,20180118_120527
20180117_190516,4,1,Carolina Hurricanes,Calgary Flames,20180117_190516
20180117_234942,4,0,Chicago Blackhawks,Detroit Red Wings,20180117_234942
20180118_133530,3,2,Minnesota Wild,Vancouver Canucks,20180118_133530
20180119_181950,3,2,Boston Bruins,Dallas Stars,20180119_181950
20180119_234950,1,3,Colorado Avalanche,Anaheim Ducks,20180119_234950
20180119_153523,4,1,Los Angeles Kings,San Jose Sharks,20180119_153523
20180119_224955,5,4,Montréal Canadiens,New York Islanders,20180119_224955
20180120_150527,2,1,Toronto Maple Leafs,St. Louis Blues,20180120_150527
20180120_220533,4,1,New York Islanders,New Jersey Devils,20180120_220533
20180119_200513,1,5,New York Rangers,Philadelphia Flyers,20180119_200513
20180119_150514,4,2,Detroit Red Wings,Dallas Stars,20180119_150514
20180120_165004,0,1,Nashville Predators,Vegas Golden Knights,20180120_165004
20180120_103540,2,2,Arizona Coyotes,San Jose Sharks,20180120_103540
20180121_231048,1,4,Boston Bruins,Montréal Canadiens,20180121_231048
20180121_103907,3,5,Anaheim Ducks,Pittsburgh Penguins,20180121_103907
20180122_193905,3,4,New Jersey Devils,Washington Capitals,20180122_193905
20180122_184053,5,2,New York Islanders,Boston Bruins,20180122_184053
20180122_123914,3,4,New York Rangers,Buffalo Sabres,20180122_123914
20180122_220911,2,3,Philadelphia Flyers,Toronto Maple Leafs,20180122_220911
20180122_021056,1,1,Columbus Blue Jackets,Dallas Stars,20180122_021056
20180122_173913,4,1,Ottawa Senators,St. Louis Blues,20180122_173913
20180122_230914,4,1,Tampa Bay Lightning,Vegas Golden Knights,20180122_230914
20180122_070925,2,2,Nashville Predators,Arizona Coyotes,20180122_070925
20180122_153925,3,5,Colorado Avalanche,San Jose Sharks,20180122_153925
20180122_230919,3,1,Los Angeles Kings,Pittsburgh Penguins,20180122_230919
20180123_231052,3,4,Florida Panthers,Vegas Golden Knights,20180123_231052
20180122_003902,3,2,Washington Capitals,Montréal Canadiens,20180122_003902
20180123_144057,1,2,Anaheim Ducks,Los Angeles Kings,20180123_144057
20180124_083857,7,1,Buffalo Sabres,Dallas Stars,20180124_083857
20180123_224035,1,3,Philadelphia Flyers,New Jersey Devils,20180123_224035
20180123_214037,1,3,Colorado Avalanche,New York Rangers,20180123_214037
20180124_084052,1,1,Calgary Flames,Winnipeg Jets,20180124_084052
20180124_070915,4,1,Montréal Canadiens,Boston Bruins,20180124_070915
20180124_123906,4,3,Ottawa Senators,Toronto Maple Leafs,20180124_123906
20180124_214049,3,1,Detroit Red Wings,Carolina Hurricanes,20180124_214049
20180124_220910,5,2,St. Louis Blues,Arizona Coyotes,20180124_220910
20180124_223913,3,4,Nashville Predators,Florida Panthers,20180124_223913
20180124_223909,1,2,San Jose Sharks,Pittsburgh Penguins,20180124_223909
20180124_044120,7,3,Chicago Blackhawks,New York Islanders,20180124_044120
20180123_093903,2,5,Minnesota Wild,Tampa Bay Lightning,20180123_093903
20180124_150922,2,5,Edmonton Oilers,Vancouver Canucks,20180124_150922
20180125_191058,2,1,Washington Capitals,Philadelphia Flyers,20180125_191058
20180125_081055,5,1,Carolina Hurricanes,Vegas Golden Knights,20180125_081055
20180125_140915,0,1,Winnipeg Jets,Vancouver Canucks,20180125_140915
20180125_150914,6,2,Anaheim Ducks,San Jose Sharks,20180125_150914
20180125_213915,2,4,Los Angeles Kings,New York Rangers,20180125_213915
20180126_190909,4,2,Toronto Maple Leafs,Colorado Avalanche,20180126_190909
20180126_164052,3,0,New Jersey Devils,Detroit Red Wings,20180126_164052
20180126_163906,1,3,Minnesota Wild,Ottawa Senators,20180126_163906
20180126_223909,2,0,Chicago Blackhawks,Tampa Bay Lightning,20180126_223909
20180125_220904,2,1,Calgary Flames,Buffalo Sabres,20180125_220904
20180126_214057,2,3,Arizona Coyotes,New York Islanders,20180126_214057
20180127_214051,2,3,Boston Bruins,New Jersey Devils,20180127_214051
20180127_153909,1,3,Pittsburgh Penguins,Carolina Hurricanes,20180127_153909
20180127_201054,2,4,Montréal Canadiens,Colorado Avalanche,20180127_201054
20180127_141057,3,2,Detroit Red Wings,Philadelphia Flyers,20180127_141057
20180127_051101,0,3,St. Louis Blues,Ottawa Senators,20180127_051101
20180127_153915,4,3,Nashville Predators,Tampa Bay Lightning,20180127_153915
20180127_190915,1,6,Dallas Stars,Florida Panthers,20180127_190915
20180127_080920,5,0,Edmonton Oilers,Buffalo Sabres,20180127_080920
20180127_131109,2,6,Vancouver Canucks,Los Angeles Kings,20180127_131109
20180127_183923,3,6,Vegas Golden Knights,Columbus Blue Jackets,20180127_183923
20180127_134114,3,6,Anaheim Ducks,New York Rangers,20180127_134114
20180127_084109,5,4,San Jose Sharks,Winnipeg Jets,20180127_084109
20180128_213904,3,2,Chicago Blackhawks,Toronto Maple Leafs,20180128_213904
20180127_101057,2,1,Calgary Flames,Los Angeles Kings,20180127_101057
20180128_154024,3,0,New Jersey Devils,Nashville Predators,20180128_154024
20180129_223839,5,1,Philadelphia Flyers,Tampa Bay Lightning,20180129_223839
20180129_173842,3,6,Pittsburgh Penguins,Minnesota Wild,20180129_173842
20180129_153842,6,5,Montréal Canadiens,Carolina Hurricanes,20180129_153842
20180129_183847,3,2,Ottawa Senators,Boston Bruins,20180129_183847
20180129_221034,5,1,Detroit Red Wings,Chicago Blackhawks,20180129_221034
20180129_170852,4,2,Florida Panthers,Washington Capitals,20180129_170852
20180129_163853,1,3,St. Louis Blues,Colorado Avalanche,20180129_163853
20180129_213851,4,1,Dallas Stars,Toronto Maple Leafs,20180129_213851
20180129_214039,3,3,Edmonton Oilers,Calgary Flames,20180129_214039
20180129_160855,2,1,Arizona Coyotes,Columbus Blue Jackets,20180129_160855
20180129_164046,4,0,Vancouver Canucks,Buffalo Sabres,20180129_164046
20180129_220858,2,1,Vegas Golden Knights,New York Islanders,20180129_220858
20180129_214046,3,3,Anaheim Ducks,Winnipeg Jets,20180129_214046
20180129_203900,6,5,San Jose Sharks,New York Rangers,20180129_203900
20180203_193909,3,1,Boston Bruins,Anaheim Ducks,20180203_193909
20180203_190915,3,1,Buffalo Sabres,New Jersey Devils,20180203_190915
20180203_201054,4,1,New York Islanders,Florida Panthers,20180203_201054
20180203_043909,2,5,Pittsburgh Penguins,San Jose Sharks,20180203_043909
20180203_210919,1,2,Carolina Hurricanes,Ottawa Senators,20180203_210919
20180203_141057,2,2,Columbus Blue Jackets,Minnesota Wild,20180203_141057
20180202_093852,1,3,St. Louis Blues,Montréal Canadiens,20180202_093852
20180203_231104,2,1,Nashville Predators,Chicago Blackhawks,20180203_231104
20180203_234103,1,3,Winnipeg Jets,Tampa Bay Lightning,20180203_234103
20180203_173918,3,0,Dallas Stars,Los Angeles Kings,20180203_173918
20180203_020927,4,2,Calgary Flames,Vegas Golden Knights,20180203_020927
20180203_150921,3,4,Vancouver Canucks,Colorado Avalanche,20180203_150921
20180204_193913,0,5,Toronto Maple Leafs,New York Islanders,20180204_193913
20180204_091055,1,1,Detroit Red Wings,San Jose Sharks,20180204_091055
20180204_221101,3,5,Washington Capitals,Philadelphia Flyers,20180204_221101
20180205_192101,1,3,Boston Bruins,St. Louis Blues,20180205_192101
20180205_103914,4,2,Buffalo Sabres,Florida Panthers,20180205_103914
20180205_184101,3,4,New Jersey Devils,Philadelphia Flyers,20180205_184101
20180205_221102,4,0,New York Rangers,Toronto Maple Leafs,20180205_221102
20180202_200849,0,2,Carolina Hurricanes,Montréal Canadiens,20180202_200849
20200717_194407,1,2,Ottawa Senators,Anaheim Ducks,20200717_194407
20180204_201049,0,5,Nashville Predators,Los Angeles Kings,20180204_201049
20180205_013921,3,2,Winnipeg Jets,Vegas Golden Knights,20180205_013921
20180205_212116,7,4,Calgary Flames,Tampa Bay Lightning,20180205_212116
20180205_212118,4,3,Edmonton Oilers,Colorado Avalanche,20180205_212118
20180205_205119,4,1,Arizona Coyotes,Dallas Stars,20180205_205119
20180205_195119,2,4,Vancouver Canucks,Chicago Blackhawks,20180205_195119
20180206_094058,4,7,Pittsburgh Penguins,Washington Capitals,20180206_094058
20180203_222843,4,1,Carolina Hurricanes,Detroit Red Wings,20180203_222843
20180206_182105,3,1,Columbus Blue Jackets,San Jose Sharks,20180206_182105
20180206_114102,2,5,Minnesota Wild,Vegas Golden Knights,20180206_114102
20200717_194415,2,5,Montréal Canadiens,Anaheim Ducks,20200717_194415
20180206_152041,3,3,Philadelphia Flyers,Ottawa Senators,20180206_152041
20180205_221031,1,4,Boston Bruins,Toronto Maple Leafs,20180205_221031
20180206_064037,1,0,Buffalo Sabres,St. Louis Blues,20180206_064037
20180207_105059,2,3,Florida Panthers,Detroit Red Wings,20180207_105059
20180207_222056,1,3,New Jersey Devils,Pittsburgh Penguins,20180207_222056
20180207_072112,3,4,New York Islanders,Columbus Blue Jackets,20180207_072112
20180207_151045,0,3,Winnipeg Jets,Colorado Avalanche,20180207_151045
20180207_235101,2,5,Nashville Predators,New York Rangers,20180207_235101
20180207_212103,1,6,Dallas Stars,Minnesota Wild,20180207_212103
20180207_084101,3,4,Calgary Flames,Chicago Blackhawks,20180207_084101
20180207_222103,4,2,Vancouver Canucks,Tampa Bay Lightning,20180207_222103
20180207_181101,0,6,Los Angeles Kings,Arizona Coyotes,20180207_181101
20180208_215102,4,3,Washington Capitals,Vegas Golden Knights,20180208_215102
20180208_091053,1,4,Montréal Canadiens,Ottawa Senators,20180208_091053
20180208_201058,3,1,Carolina Hurricanes,San Jose Sharks,20180208_201058
20180209_211052,4,7,Toronto Maple Leafs,Anaheim Ducks,20180209_211052
20180209_204101,5,4,New York Islanders,Nashville Predators,20180209_204101
20180209_182104,1,2,Dallas Stars,New York Rangers,20180209_182104
20200717_194424,2,6,Edmonton Oilers,Tampa Bay Lightning,20200717_194424
20180210_222618,4,3,Buffalo Sabres,Anaheim Ducks,20180210_222618
20180210_234052,4,5,Pittsburgh Penguins,Vegas Golden Knights,20180210_234052
20180210_142623,2,1,Carolina Hurricanes,Philadelphia Flyers,20180210_142623
20180210_145622,3,2,Columbus Blue Jackets,Washington Capitals,20180210_145622
20180210_204057,3,5,Ottawa Senators,New Jersey Devils,20180210_204057
20180210_204059,3,2,Detroit Red Wings,Boston Bruins,20180210_204059
20180210_214056,1,3,Florida Panthers,Vancouver Canucks,20180210_214056
20180209_204050,6,2,St. Louis Blues,Minnesota Wild,20180209_204050
20180210_174102,3,4,Winnipeg Jets,Arizona Coyotes,20180210_174102
20180210_215634,3,2,Chicago Blackhawks,Calgary Flames,20180210_215634
20180209_204055,1,3,Colorado Avalanche,San Jose Sharks,20180209_204055
20180211_051110,2,2,Toronto Maple Leafs,Nashville Predators,20180211_051110
20180211_192633,6,1,New York Rangers,Boston Bruins,20180211_192633
20180210_195616,2,5,Los Angeles Kings,Edmonton Oilers,20180210_195616
20180212_212629,3,4,Buffalo Sabres,New York Islanders,20180212_212629
20180212_232629,3,2,New Jersey Devils,Calgary Flames,20180212_232629
20180211_165617,3,5,Philadelphia Flyers,Montréal Canadiens,20180211_165617
20180212_161105,3,4,Ottawa Senators,Nashville Predators,20180212_161105
20180212_171107,2,5,Tampa Bay Lightning,Vancouver Canucks,20180212_171107
20180212_084111,1,6,St. Louis Blues,Colorado Avalanche,20180212_084111
20180212_144114,4,3,Minnesota Wild,Arizona Coyotes,20180212_144114
20180212_171112,4,2,Chicago Blackhawks,Dallas Stars,20180212_171112
20180212_204109,5,3,San Jose Sharks,Vegas Golden Knights,20180212_204109
20180213_192626,6,7,New York Islanders,Detroit Red Wings,20180213_192626
20180213_201059,3,4,New York Rangers,Calgary Flames,20180213_201059
20180213_022636,2,4,Washington Capitals,Columbus Blue Jackets,20180213_022636
20180213_094102,3,1,Florida Panthers,Los Angeles Kings,20180213_094102
20180213_201103,1,4,Carolina Hurricanes,Vancouver Canucks,20180213_201103
20180213_175635,5,2,Winnipeg Jets,St. Louis Blues,20180213_175635
20180213_021110,3,3,Dallas Stars,Pittsburgh Penguins,20180213_021110
20180213_204111,2,3,Anaheim Ducks,Edmonton Oilers,20180213_204111
20180214_081059,4,2,Boston Bruins,Buffalo Sabres,20180214_081059
20180214_184053,3,6,Toronto Maple Leafs,Ottawa Senators,20180214_184053
20180214_145620,2,2,Montréal Canadiens,Nashville Predators,20180214_145620
20180214_235624,3,4,Tampa Bay Lightning,Los Angeles Kings,20180214_235624
20180214_222628,1,3,Carolina Hurricanes,Colorado Avalanche,20180214_222628
20180214_201055,1,6,Columbus Blue Jackets,New Jersey Devils,20180214_201055
20180214_221059,0,3,Minnesota Wild,Chicago Blackhawks,20180214_221059
20180214_234100,3,3,Arizona Coyotes,Philadelphia Flyers,20180214_234100
20180214_222630,4,6,San Jose Sharks,Edmonton Oilers,20180214_222630
20180215_121101,5,4,Washington Capitals,Detroit Red Wings,20180215_121101
20180215_045628,4,1,St. Louis Blues,Pittsburgh Penguins,20180215_045628
20180215_142627,3,1,Winnipeg Jets,New York Rangers,20180215_142627
20180214_221037,6,0,Dallas Stars,Vancouver Canucks,20180214_221037
20200717_194432,5,4,Buffalo Sabres,Colorado Avalanche,20200717_194432
20180215_134111,5,3,New Jersey Devils,Boston Bruins,20180215_134111
20180215_212635,3,2,New York Islanders,Calgary Flames,20180215_212635
20180215_202635,4,1,Vegas Golden Knights,Philadelphia Flyers,20180215_202635
20180215_221108,2,2,Anaheim Ducks,San Jose Sharks,20180215_221108
20180216_192622,3,4,Toronto Maple Leafs,Tampa Bay Lightning,20180216_192622
20180216_134100,7,5,Edmonton Oilers,Florida Panthers,20180216_134100
20180216_185626,1,6,Arizona Coyotes,Chicago Blackhawks,20180216_185626
20180217_144052,2,5,Boston Bruins,Calgary Flames,20180217_144052
20180217_212630,3,5,Buffalo Sabres,Tampa Bay Lightning,20180217_212630
20180217_042627,4,1,New York Islanders,Columbus Blue Jackets,20180217_042627
20180217_101100,4,4,Philadelphia Flyers,New Jersey Devils,20180217_101100
20180216_212612,3,6,Pittsburgh Penguins,Ottawa Senators,20180216_212612
20180217_202638,3,7,Carolina Hurricanes,Los Angeles Kings,20180217_202638
20180217_165634,1,2,Detroit Red Wings,Anaheim Ducks,20180217_165634
20180216_221044,3,4,Nashville Predators,St. Louis Blues,20180216_221044
20180217_062652,2,3,Minnesota Wild,New York Rangers,20180217_062652
20180217_145637,3,4,Winnipeg Jets,Washington Capitals,20180217_145637
20180217_055641,2,5,Vegas Golden Knights,Chicago Blackhawks,20180217_055641
20180216_172623,2,1,San Jose Sharks,Arizona Coyotes,20180216_172623
20180217_054047,3,6,Toronto Maple Leafs,Columbus Blue Jackets,20180217_054047
20180217_232625,0,2,Colorado Avalanche,Montréal Canadiens,20180217_232625
20180218_005632,4,3,Vancouver Canucks,Florida Panthers,20180218_005632
20180219_035630,2,5,New Jersey Devils,Carolina Hurricanes,20180219_035630
20180219_151056,0,3,New York Islanders,New York Rangers,20180219_151056
20180219_182626,1,3,Pittsburgh Penguins,Los Angeles Kings,20180219_182626
20180219_215629,2,3,Ottawa Senators,Buffalo Sabres,20180219_215629
20180219_184100,1,4,Tampa Bay Lightning,Detroit Red Wings,20180219_184100
20180219_214106,4,3,Nashville Predators,Calgary Flames,20180219_214106
20180218_221048,5,2,Minnesota Wild,Washington Capitals,20180218_221048
20180219_191108,3,2,Chicago Blackhawks,Anaheim Ducks,20180219_191108
20180219_224115,2,5,Arizona Coyotes,Montréal Canadiens,20180219_224115
20180219_174112,1,4,Vegas Golden Knights,Edmonton Oilers,20180219_174112
20180219_235643,1,4,San Jose Sharks,Vancouver Canucks,20180219_235643
20180220_222631,2,1,Columbus Blue Jackets,Philadelphia Flyers,20180220_222631
20180220_052645,3,0,Carolina Hurricanes,New York Islanders,20180220_052645
20180220_104101,1,6,Winnipeg Jets,Colorado Avalanche,20180220_104101
20180220_114108,1,2,Dallas Stars,St. Louis Blues,20180220_114108
20180221_202437,4,2,Buffalo Sabres,Los Angeles Kings,20180221_202437
20180221_203358,3,6,Ottawa Senators,New York Rangers,20180221_203358
20180221_195436,2,2,Minnesota Wild,Anaheim Ducks,20180221_195436
20180220_181049,0,1,Arizona Coyotes,Edmonton Oilers,20180220_181049
20180221_164058,4,3,Tampa Bay Lightning,New Jersey Devils,20180221_164058
20180221_222446,3,5,Pittsburgh Penguins,Toronto Maple Leafs,20180221_222446
20180221_210401,3,6,Vegas Golden Knights,Montréal Canadiens,20180221_210401
20180221_171104,3,1,Nashville Predators,Detroit Red Wings,20180221_171104
20180221_212602,1,7,Chicago Blackhawks,Washington Capitals,20180221_212602
20180221_054124,6,3,Calgary Flames,Florida Panthers,20180221_054124
20180221_152637,1,6,Vancouver Canucks,Boston Bruins,20180221_152637
20180222_223356,7,4,New York Rangers,Philadelphia Flyers,20180222_223356
20180222_232439,4,2,Colorado Avalanche,Edmonton Oilers,20180222_232439
20180222_225440,3,2,Carolina Hurricanes,New Jersey Devils,20180222_225440
20180222_210400,5,2,Columbus Blue Jackets,Pittsburgh Penguins,20180222_210400
20180222_235447,3,2,Detroit Red Wings,Toronto Maple Leafs,20180222_235447
20180222_205449,2,7,Winnipeg Jets,Florida Panthers,20180222_205449
20180222_202445,2,5,San Jose Sharks,Dallas Stars,20180222_202445
20180223_195435,5,3,New York Islanders,Minnesota Wild,20180223_195435
20180223_200356,3,2,Buffalo Sabres,Washington Capitals,20180223_200356
20180223_213358,2,1,Calgary Flames,Boston Bruins,20180223_213358
20180223_232437,2,5,Nashville Predators,Ottawa Senators,20180223_232437
20180223_005440,3,1,Chicago Blackhawks,Los Angeles Kings,20180223_005440
20180223_222441,2,0,Vegas Golden Knights,Anaheim Ducks,20180223_222441
20180223_223340,0,1,Toronto Maple Leafs,Florida Panthers,20180223_223340
20180224_172439,2,1,New Jersey Devils,Columbus Blue Jackets,20180224_172439
20180224_115447,2,3,Philadelphia Flyers,Montréal Canadiens,20180224_115447
20180224_222445,4,2,Washington Capitals,Tampa Bay Lightning,20180224_222445
20180224_195443,3,2,Detroit Red Wings,Nashville Predators,20180224_195443
20180224_160407,3,2,St. Louis Blues,San Jose Sharks,20180224_160407
20180224_135447,4,3,Winnipeg Jets,Los Angeles Kings,20180224_135447
20180224_232453,3,2,Edmonton Oilers,Boston Bruins,20180224_232453
20180224_162452,5,4,Vancouver Canucks,Colorado Avalanche,20180224_162452
20180225_175442,2,2,Chicago Blackhawks,Ottawa Senators,20180225_175442
20180225_200404,0,2,Anaheim Ducks,Dallas Stars,20180225_200404
20180225_185443,3,7,Vegas Golden Knights,Calgary Flames,20180225_185443
20180226_232446,3,3,Toronto Maple Leafs,New York Islanders,20180226_232446
20180226_075449,4,2,New Jersey Devils,Minnesota Wild,20180226_075449
20180226_220406,1,2,Philadelphia Flyers,Columbus Blue Jackets,20180226_220406
20180226_153410,1,3,Montréal Canadiens,New York Rangers,20180226_153410
20180226_162450,4,3,Ottawa Senators,Tampa Bay Lightning,20180226_162450
20200717_194441,3,2,Detroit Red Wings,Buffalo Sabres,20200717_194441
20180226_135458,2,3,Florida Panthers,Washington Capitals,20180226_135458
20180226_232457,1,7,Nashville Predators,San Jose Sharks,20180226_232457
20180226_202502,2,3,Edmonton Oilers,Colorado Avalanche,20180226_202502
20180226_182457,5,2,Arizona Coyotes,Calgary Flames,20180226_182457
20180226_223418,2,0,Los Angeles Kings,Dallas Stars,20180226_223418
20200717_194450,4,1,New York Rangers,Minnesota Wild,20200717_194450
20180227_202448,6,1,Carolina Hurricanes,Pittsburgh Penguins,20180227_202448
20180227_130417,4,0,St. Louis Blues,Winnipeg Jets,20180227_130417
20180227_135452,1,3,Chicago Blackhawks,San Jose Sharks,20180227_135452
20180227_205451,3,6,Vegas Golden Knights,Vancouver Canucks,20180227_205451
20180228_185433,5,3,Ottawa Senators,Philadelphia Flyers,20180228_185433
20180228_215432,1,5,Calgary Flames,Colorado Avalanche,20180228_215432
20180228_075444,3,4,Toronto Maple Leafs,Boston Bruins,20180228_075444
20180228_132445,3,3,Montréal Canadiens,Tampa Bay Lightning,20180228_132445
20180228_073410,1,3,Detroit Red Wings,Carolina Hurricanes,20180228_073410
20180228_140408,5,6,Florida Panthers,Pittsburgh Penguins,20180228_140408
20180228_170356,1,2,New Jersey Devils,New York Islanders,20180228_170356
20200717_194458,1,5,Washington Capitals,Buffalo Sabres,20200717_194458
20180228_150415,2,3,Columbus Blue Jackets,Chicago Blackhawks,20180228_150415
20180228_235436,5,3,Dallas Stars,Winnipeg Jets,20180228_235436
20180228_162450,0,2,Arizona Coyotes,Anaheim Ducks,20180228_162450
20180228_013428,4,3,Los Angeles Kings,Edmonton Oilers,20180228_013428
20180301_150359,1,4,Buffalo Sabres,Boston Bruins,20180301_150359
20180301_163359,0,4,Nashville Predators,St. Louis Blues,20180301_163359
20180301_203402,3,2,New York Rangers,Detroit Red Wings,20180301_203402
20180228_223348,2,3,Minnesota Wild,San Jose Sharks,20180228_223348
20180301_225445,5,5,Anaheim Ducks,Edmonton Oilers,20180301_225445
20180301_185444,3,1,Arizona Coyotes,Vancouver Canucks,20180301_185444
20180302_230359,1,5,Columbus Blue Jackets,Washington Capitals,20180302_230359
20180227_151334,0,0,Montréal Canadiens,Philadelphia Flyers,20180227_151334
20180302_165447,3,3,Tampa Bay Lightning,Toronto Maple Leafs,20180302_165447
20180302_155441,1,3,Colorado Avalanche,Vancouver Canucks,20180302_155441
20180302_122448,2,3,Los Angeles Kings,Vegas Golden Knights,20180302_122448
20180303_083358,3,4,Boston Bruins,Carolina Hurricanes,20180303_083358
20180303_060405,3,2,Pittsburgh Penguins,New Jersey Devils,20180303_060405
20180302_192425,2,3,Washington Capitals,Ottawa Senators,20180302_192425
20180303_205450,2,3,Florida Panthers,Toronto Maple Leafs,20180303_205450
20180303_205453,3,8,Minnesota Wild,St. Louis Blues,20180303_205453
20180303_182447,6,5,Winnipeg Jets,Nashville Predators,20180303_182447
20180303_072456,0,2,Dallas Stars,Calgary Flames,20180303_072456
20180303_213414,4,1,Vegas Golden Knights,Los Angeles Kings,20180303_213414
20180303_005452,2,5,San Jose Sharks,Edmonton Oilers,20180303_005452
20180304_183404,1,3,Montréal Canadiens,New York Islanders,20180304_183404
20180304_183405,2,1,Tampa Bay Lightning,Buffalo Sabres,20180304_183405
20180304_120429,1,2,St. Louis Blues,Detroit Red Wings,20180304_120429
20180304_225457,2,5,Colorado Avalanche,Calgary Flames,20180304_225457
20180303_172432,6,5,Vancouver Canucks,New York Rangers,20180303_172432
20180305_183403,4,8,Boston Bruins,Pittsburgh Penguins,20180305_183403
20180304_100353,4,1,Philadelphia Flyers,Carolina Hurricanes,20180304_100353
20180305_112454,2,3,Florida Panthers,New Jersey Devils,20180305_112454
20180305_230410,5,4,Dallas Stars,Tampa Bay Lightning,20180305_230410
20180305_142454,4,2,Edmonton Oilers,Nashville Predators,20180305_142454
20180305_222454,3,5,Arizona Coyotes,Minnesota Wild,20180305_222454
20180305_120436,2,5,Los Angeles Kings,Columbus Blue Jackets,20180305_120436
20180305_223413,2,7,San Jose Sharks,Chicago Blackhawks,20180305_223413
20180306_120401,6,3,New York Islanders,Montréal Canadiens,20180306_120401
20180306_212442,1,4,Florida Panthers,Buffalo Sabres,20180306_212442
20180305_113352,1,3,Carolina Hurricanes,New Jersey Devils,20180305_113352
20180306_133412,3,4,Winnipeg Jets,Detroit Red Wings,20180306_133412
20180306_133414,1,7,Colorado Avalanche,Minnesota Wild,20180306_133414
20180305_112437,3,1,Calgary Flames,New York Rangers,20180305_112437
20180305_125444,4,3,Vancouver Canucks,Nashville Predators,20180305_125444
20180306_220413,5,4,Vegas Golden Knights,Ottawa Senators,20180306_220413
20180305_183401,2,4,Anaheim Ducks,Columbus Blue Jackets,20180305_183401
20180307_100410,6,6,Tampa Bay Lightning,Philadelphia Flyers,20180307_100410
20200717_194507,2,3,Dallas Stars,St. Louis Blues,20200717_194507
20180307_030420,5,3,Los Angeles Kings,Chicago Blackhawks,20180307_030420
20180307_233401,1,2,Boston Bruins,Montréal Canadiens,20180307_233401
20180306_215436,2,3,Pittsburgh Penguins,New York Islanders,20180306_215436
20180307_165447,2,5,Washington Capitals,Toronto Maple Leafs,20180307_165447
20180307_012500,1,2,Arizona Coyotes,Ottawa Senators,20180307_012500
20180307_100441,3,2,Edmonton Oilers,New York Rangers,20180307_100441
20180308_232826,1,4,Florida Panthers,Philadelphia Flyers,20180308_232826
20180308_222823,4,3,Colorado Avalanche,Nashville Predators,20180308_222823
20180308_235827,3,6,Anaheim Ducks,Chicago Blackhawks,20180308_235827
20180308_205830,3,2,New Jersey Devils,Vegas Golden Knights,20180308_205830
20180308_212835,3,2,Carolina Hurricanes,Winnipeg Jets,20180308_212835
20180308_090408,1,4,Minnesota Wild,Detroit Red Wings,20180308_090408
20180308_100408,4,2,San Jose Sharks,Columbus Blue Jackets,20180308_100408
20180309_233359,3,5,Buffalo Sabres,Toronto Maple Leafs,20180309_233359
20180308_150350,3,4,Pittsburgh Penguins,Calgary Flames,20180308_150350
20180309_180359,3,2,Dallas Stars,Ottawa Senators,20180309_180359
20180309_200402,3,4,Edmonton Oilers,Arizona Coyotes,20180309_200402
20180309_230403,3,4,Vancouver Canucks,New York Islanders,20180309_230403
20180310_180359,5,6,Boston Bruins,Detroit Red Wings,20180310_180359
20180310_103359,4,6,New Jersey Devils,Montréal Canadiens,20180310_103359
20180310_092828,3,0,New York Rangers,Winnipeg Jets,20180310_092828
20180310_153405,1,4,Columbus Blue Jackets,Vegas Golden Knights,20180310_153405
20180308_183341,4,5,Tampa Bay Lightning,Florida Panthers,20180308_183341
20180309_132813,0,2,Nashville Predators,Dallas Stars,20180309_132813
20180310_225850,2,6,Minnesota Wild,Carolina Hurricanes,20180310_225850
20180310_182841,1,2,Chicago Blackhawks,Colorado Avalanche,20180310_182841
20180310_155840,0,4,Anaheim Ducks,Washington Capitals,20180310_155840
20180311_155828,5,1,Buffalo Sabres,Calgary Flames,20180311_155828
20180311_185831,5,2,Philadelphia Flyers,Pittsburgh Penguins,20180311_185831
20180311_170406,2,1,Vancouver Canucks,Arizona Coyotes,20180311_170406
20180312_103400,2,3,Boston Bruins,Philadelphia Flyers,20180312_103400
20180311_213341,3,2,New Jersey Devils,Winnipeg Jets,20180311_213341
20180312_185829,4,5,Columbus Blue Jackets,Colorado Avalanche,20180312_185829
20180312_063408,3,3,Ottawa Senators,Buffalo Sabres,20180312_063408
20180312_083408,4,0,Detroit Red Wings,Vegas Golden Knights,20180312_083408
20180312_185835,3,5,Tampa Bay Lightning,New York Rangers,20180312_185835
20180312_053411,0,5,Florida Panthers,Montréal Canadiens,20180312_053411
20180312_210411,2,4,Nashville Predators,Anaheim Ducks,20180312_210411
20180312_110419,3,2,Chicago Blackhawks,Carolina Hurricanes,20180312_110419
20180312_103415,1,1,Edmonton Oilers,New York Islanders,20180312_103415
20180312_002844,1,3,Los Angeles Kings,Washington Capitals,20180312_002844
20200717_194515,0,2,San Jose Sharks,St. Louis Blues,20200717_194515
20180313_083403,2,3,Columbus Blue Jackets,Detroit Red Wings,20180313_083403
20180313_210401,2,1,Ottawa Senators,Calgary Flames,20180313_210401
20180312_225822,1,2,Dallas Stars,Anaheim Ducks,20180312_225822
20180313_082836,5,2,Vancouver Canucks,Minnesota Wild,20180313_082836
20180314_201546,4,7,Boston Bruins,Chicago Blackhawks,20180314_201546
20180314_152823,1,1,Buffalo Sabres,Vegas Golden Knights,20180314_152823
20180314_203358,2,2,Tampa Bay Lightning,Montréal Canadiens,20180314_203358
20180314_193358,1,2,Philadelphia Flyers,Winnipeg Jets,20180314_193358
20180313_212815,2,5,Colorado Avalanche,Arizona Coyotes,20180313_212815
20180314_150405,7,2,Los Angeles Kings,St. Louis Blues,20180314_150405
20180314_213402,2,0,San Jose Sharks,Washington Capitals,20180314_213402
20180314_214556,2,5,Toronto Maple Leafs,Pittsburgh Penguins,20180314_214556
20180314_174558,3,3,Florida Panthers,New York Rangers,20180314_174558
20180314_163430,2,2,Nashville Predators,New Jersey Devils,20180314_163430
20180314_230408,1,4,Edmonton Oilers,Minnesota Wild,20180314_230408
20180315_230359,1,3,Chicago Blackhawks,Boston Bruins,20180315_230359
20180315_211552,5,2,Calgary Flames,New York Islanders,20180315_211552
20180315_134552,1,3,Pittsburgh Penguins,Dallas Stars,20180315_134552
20180315_114552,0,1,Arizona Coyotes,Vancouver Canucks,20180315_114552
20180316_143357,3,6,New York Rangers,Carolina Hurricanes,20180316_143357
20180316_164547,3,2,Philadelphia Flyers,Vegas Golden Knights,20180316_164547
20180316_234549,2,3,Washington Capitals,Winnipeg Jets,20180316_234549
20180316_164551,2,5,Columbus Blue Jackets,Montréal Canadiens,20180316_164551
20180315_151540,5,3,Florida Panthers,Ottawa Senators,20180315_151540
20180316_203405,4,2,Anaheim Ducks,St. Louis Blues,20180316_203405
20180316_093406,0,3,Los Angeles Kings,Vancouver Canucks,20180316_093406
20180316_233413,3,5,San Jose Sharks,Detroit Red Wings,20180316_233413
20180317_204552,6,4,Carolina Hurricanes,Boston Bruins,20180317_204552
20180315_203332,2,4,Montréal Canadiens,Dallas Stars,20180315_203332
20180317_111558,7,4,Tampa Bay Lightning,Ottawa Senators,20180317_111558
20180317_183402,1,3,Nashville Predators,Winnipeg Jets,20180317_183402
20180317_164554,5,1,Minnesota Wild,Colorado Avalanche,20180317_164554
20180314_065739,0,1,Calgary Flames,Edmonton Oilers,20180314_065739
20180317_213419,3,3,Arizona Coyotes,Los Angeles Kings,20180317_213419
20180318_080406,5,5,Toronto Maple Leafs,Dallas Stars,20180318_080406
20180317_211543,3,4,New York Rangers,Pittsburgh Penguins,20180317_211543
20200717_194523,4,3,Edmonton Oilers,San Jose Sharks,20200717_194523
20180318_000419,8,3,Vegas Golden Knights,New Jersey Devils,20180318_000419
20180318_231610,0,3,Anaheim Ducks,Vancouver Canucks,20180318_231610
20180319_203400,5,2,Buffalo Sabres,Toronto Maple Leafs,20180319_203400
20180319_101553,7,3,New York Islanders,Washington Capitals,20180319_101553
20180406_155833,5,3,Philadelphia Flyers,Columbus Blue Jackets,20180406_155833
20180319_224558,5,3,Montréal Canadiens,Pittsburgh Penguins,20180319_224558
20180319_210410,0,3,Florida Panthers,Boston Bruins,20180319_210410
20180319_113417,4,1,St. Louis Blues,Colorado Avalanche,20180319_113417
20180319_201601,2,6,Winnipeg Jets,Chicago Blackhawks,20180319_201601
20180319_100417,3,2,Arizona Coyotes,Nashville Predators,20180319_100417
20180319_160414,1,4,Los Angeles Kings,Detroit Red Wings,20180319_160414
20180320_203405,3,6,Washington Capitals,New York Islanders,20180320_203405
20180320_161600,2,3,Ottawa Senators,Dallas Stars,20180320_161600
20180320_213407,4,2,Colorado Avalanche,Nashville Predators,20180320_213407
20180320_213411,7,4,Calgary Flames,San Jose Sharks,20180320_213411
20180320_144602,2,4,Anaheim Ducks,Detroit Red Wings,20180320_144602
20180320_200413,4,2,Vegas Golden Knights,Minnesota Wild,20180320_200413
20180320_221536,3,5,Buffalo Sabres,Chicago Blackhawks,20180320_221536
20180321_233406,4,2,Florida Panthers,Edmonton Oilers,20180321_233406
20180321_084559,3,0,Los Angeles Kings,New Jersey Devils,20180321_084559
20180321_060201,0,4,Toronto Maple Leafs,Montréal Canadiens,20180321_060201
20180321_020433,3,0,Tampa Bay Lightning,Boston Bruins,20180321_020433
20180321_011627,4,2,Carolina Hurricanes,Philadelphia Flyers,20180321_011627
20180321_180416,1,2,Columbus Blue Jackets,Ottawa Senators,20180321_180416
20180321_151558,3,4,St. Louis Blues,New York Rangers,20180321_151558
20180321_201601,3,1,Arizona Coyotes,Minnesota Wild,20180321_201601
20180321_080423,5,3,Vancouver Canucks,San Jose Sharks,20180321_080423
20180322_124557,1,5,Colorado Avalanche,Detroit Red Wings,20180322_124557
20180322_033417,0,4,Vegas Golden Knights,Calgary Flames,20180322_033417
20180322_164555,1,3,Tampa Bay Lightning,Edmonton Oilers,20180322_164555
20180322_223415,4,3,New York Islanders,Carolina Hurricanes,20180322_223415
20180322_183420,3,6,Philadelphia Flyers,Washington Capitals,20180322_183420
20180322_044602,5,4,Chicago Blackhawks,St. Louis Blues,20180322_044602
20180322_230424,2,4,Winnipeg Jets,Dallas Stars,20180322_230424
20180322_183425,2,4,Anaheim Ducks,New Jersey Devils,20180322_183425
20180323_230411,5,4,Boston Bruins,Columbus Blue Jackets,20180323_230411
20180323_233412,4,0,Buffalo Sabres,Nashville Predators,20180323_233412
20180323_121553,2,0,Montréal Canadiens,Florida Panthers,20180323_121553
20180323_003424,4,3,Minnesota Wild,Los Angeles Kings,20180323_003424
20180323_044615,2,5,Arizona Coyotes,Calgary Flames,20180323_044615
20180324_131548,1,4,New York Islanders,Pittsburgh Penguins,20180324_131548
20180324_211600,5,3,New York Rangers,Columbus Blue Jackets,20180324_211600
20180324_130409,3,4,Washington Capitals,Dallas Stars,20180324_130409
20180324_184557,7,3,Carolina Hurricanes,Edmonton Oilers,20180324_184557
20180323_051540,7,2,Ottawa Senators,Florida Panthers,20180323_051540
20200717_194532,4,4,Detroit Red Wings,Philadelphia Flyers,20200717_194532
20180324_174600,3,4,Tampa Bay Lightning,Toronto Maple Leafs,20180324_174600
20180323_070402,1,2,Winnipeg Jets,Los Angeles Kings,20180323_070402
20180324_174603,5,1,Chicago Blackhawks,Colorado Avalanche,20180324_174603
20180324_140426,1,4,Vegas Golden Knights,Vancouver Canucks,20180324_140426
20180324_210432,2,6,San Jose Sharks,New Jersey Devils,20180324_210432
20180325_211550,4,1,Buffalo Sabres,Arizona Coyotes,20180325_211550
20180325_220409,3,5,Pittsburgh Penguins,Montréal Canadiens,20180325_220409
20180325_223419,1,2,St. Louis Blues,Boston Bruins,20180325_223419
20180325_081557,4,0,Calgary Flames,Anaheim Ducks,20180325_081557
20180326_150414,7,6,New York Islanders,Tampa Bay Lightning,20180326_150414
20180325_171535,3,4,Philadelphia Flyers,New York Rangers,20180325_171535
20180326_143418,5,6,Carolina Hurricanes,Arizona Coyotes,20180326_143418
20180326_233423,0,4,Columbus Blue Jackets,Florida Panthers,20180326_233423
20180326_134606,6,2,Ottawa Senators,Edmonton Oilers,20180326_134606
20180325_010434,1,0,Detroit Red Wings,Washington Capitals,20180325_010434
20180326_233428,5,2,Nashville Predators,Toronto Maple Leafs,20180326_233428
20200717_194540,5,2,Chicago Blackhawks,Vancouver Canucks,20200717_194540
20180326_213641,7,1,Colorado Avalanche,Los Angeles Kings,20180326_213641
20180326_004614,1,2,San Jose Sharks,Vegas Golden Knights,20180326_004614
20180327_160415,3,0,Buffalo Sabres,Montréal Canadiens,20180327_160415
20180327_141557,4,3,Pittsburgh Penguins,New Jersey Devils,20180327_141557
20180327_211601,1,4,St. Louis Blues,Vancouver Canucks,20180327_211601
20180327_153419,2,3,Winnipeg Jets,Anaheim Ducks,20180327_153419
20180327_033433,3,2,Dallas Stars,Boston Bruins,20180327_033433
20180327_010353,1,1,Colorado Avalanche,Vegas Golden Knights,20180327_010353
20180328_150407,1,5,San Jose Sharks,Calgary Flames,20180328_150407
20180328_083410,3,4,Toronto Maple Leafs,Detroit Red Wings,20180328_083410
20180326_181527,6,4,Montréal Canadiens,Washington Capitals,20180326_181527
20180328_193417,5,2,Ottawa Senators,Carolina Hurricanes,20180328_193417
20180328_091603,2,4,Florida Panthers,Arizona Coyotes,20180328_091603
20180328_000419,1,2,New Jersey Devils,Tampa Bay Lightning,20180328_000419
20180327_153405,3,1,New York Islanders,Chicago Blackhawks,20180327_153405
20180328_060430,1,5,New York Rangers,Buffalo Sabres,20180328_060430
20180328_063434,2,1,Columbus Blue Jackets,St. Louis Blues,20180328_063434
20180327_230411,1,4,Minnesota Wild,Nashville Predators,20180327_230411
20180326_124540,2,3,Edmonton Oilers,Los Angeles Kings,20180326_124540
20180328_210357,4,5,Pittsburgh Penguins,Philadelphia Flyers,20180328_210357
20180327_101523,4,1,Dallas Stars,Vancouver Canucks,20180327_101523
20180327_183343,4,4,Winnipeg Jets,Nashville Predators,20180327_183343
20180329_153427,2,1,Minnesota Wild,Boston Bruins,20180329_153427
20180326_191602,5,4,Edmonton Oilers,Anaheim Ducks,20180326_191602
20180328_054521,3,2,Toronto Maple Leafs,Buffalo Sabres,20180328_054521
20180327_065845,3,0,New York Islanders,Florida Panthers,20180327_065845
20180329_143401,4,2,New York Rangers,Washington Capitals,20180329_143401
20180328_193342,1,4,Carolina Hurricanes,Ottawa Senators,20180328_193342
20180327_122554,2,4,Montréal Canadiens,Detroit Red Wings,20180327_122554
20180327_063141,4,1,Tampa Bay Lightning,Arizona Coyotes,20180327_063141
20180327_152416,3,3,Chicago Blackhawks,San Jose Sharks,20180327_152416
20180327_174600,1,4,Vegas Golden Knights,Colorado Avalanche,20180327_174600
20180328_143353,0,3,Los Angeles Kings,Calgary Flames,20180328_143353
20180328_192546,3,4,New Jersey Devils,Carolina Hurricanes,20180328_192546
20180328_174405,4,3,Ottawa Senators,New York Islanders,20180328_174405
20180328_094406,2,5,Detroit Red Wings,Pittsburgh Penguins,20180328_094406
20180328_180410,2,3,St. Louis Blues,San Jose Sharks,20180328_180410
20180328_160411,1,1,Nashville Predators,Minnesota Wild,20180328_160411
20180330_154539,4,4,Winnipeg Jets,Boston Bruins,20180330_154539
20180330_163357,2,3,Dallas Stars,Philadelphia Flyers,20180330_163357
20180328_193418,7,3,Edmonton Oilers,Columbus Blue Jackets,20180328_193418
20180330_223401,1,4,Vancouver Canucks,Anaheim Ducks,20180330_223401
20180330_223339,3,4,Toronto Maple Leafs,Florida Panthers,20180330_223339
20180329_143404,2,3,Washington Capitals,New York Rangers,20180329_143404
20180329_043728,2,1,Colorado Avalanche,Philadelphia Flyers,20180329_043728
20180329_044806,3,2,Vegas Golden Knights,Arizona Coyotes,20180329_044806
20180330_200404,2,4,Boston Bruins,Tampa Bay Lightning,20180330_200404
20180331_150341,6,3,Buffalo Sabres,Detroit Red Wings,20180331_150341
20180330_020113,4,3,New Jersey Devils,Pittsburgh Penguins,20180330_020113
20180330_221554,2,3,Ottawa Senators,Florida Panthers,20180330_221554
20180330_030506,3,5,Nashville Predators,San Jose Sharks,20180330_030506
20180402_203423,2,5,Minnesota Wild,Dallas Stars,20180402_203423
20180402_221609,2,6,Chicago Blackhawks,Winnipeg Jets,20180402_221609
20180401_123408,5,1,Calgary Flames,Columbus Blue Jackets,20180401_123408
20180330_222421,1,2,Vancouver Canucks,Edmonton Oilers,20180330_222421
20180330_052149,2,4,Los Angeles Kings,Arizona Coyotes,20180330_052149
20180331_015507,5,4,New York Islanders,Toronto Maple Leafs,20180331_015507
20180331_021146,7,3,New York Rangers,Tampa Bay Lightning,20180331_021146
20180331_020448,4,1,Washington Capitals,Carolina Hurricanes,20180331_020448
20180402_221551,0,5,Colorado Avalanche,Chicago Blackhawks,20180402_221551
20180331_045441,1,2,Anaheim Ducks,Los Angeles Kings,20180331_045441
20180402_151552,3,4,Vegas Golden Knights,St. Louis Blues,20180402_151552
20180331_200208,1,5,Boston Bruins,Florida Panthers,20180331_200208
20180331_204929,0,2,Detroit Red Wings,Ottawa Senators,20180331_204929
20180404_140405,4,5,Vancouver Canucks,Columbus Blue Jackets,20180404_140405
20180401_020907,3,1,Toronto Maple Leafs,Winnipeg Jets,20180401_020907
20180401_020429,3,4,New Jersey Devils,New York Islanders,20180401_020429
20180403_174540,2,5,Pittsburgh Penguins,Montréal Canadiens,20180403_174540
20180401_014833,2,1,Carolina Hurricanes,New York Rangers,20180401_014833
20180401_123419,7,4,Nashville Predators,Buffalo Sabres,20180401_123419
20180402_203354,1,4,Dallas Stars,Minnesota Wild,20180402_203354
20180402_151537,0,6,Arizona Coyotes,St. Louis Blues,20180402_151537
20180404_153420,2,3,Calgary Flames,Edmonton Oilers,20180404_153420
20180404_181600,2,3,Vegas Golden Knights,San Jose Sharks,20180404_181600
20180402_171548,3,4,Philadelphia Flyers,Boston Bruins,20180402_171548
20180402_004141,4,1,Tampa Bay Lightning,Nashville Predators,20180402_004141
20180403_174524,2,1,Montréal Canadiens,New Jersey Devils,20180403_174524
20180402_024143,3,1,Pittsburgh Penguins,Washington Capitals,20180402_024143
20180402_040405,3,4,Anaheim Ducks,Colorado Avalanche,20180402_040405
20180406_191545,2,5,Toronto Maple Leafs,Buffalo Sabres,20180406_191545
20180406_220405,6,5,Ottawa Senators,Winnipeg Jets,20180406_220405
20180403_023129,2,3,Florida Panthers,Carolina Hurricanes,20180403_023129
20180403_160410,4,2,St. Louis Blues,Washington Capitals,20180403_160410
20180406_194548,0,3,Minnesota Wild,Edmonton Oilers,20180406_194548
20180406_234550,1,3,Los Angeles Kings,Colorado Avalanche,20180406_234550
20180407_224550,2,5,New Jersey Devils,New York Rangers,20180407_224550
20180404_015811,4,5,New York Islanders,Philadelphia Flyers,20180404_015811
20180404_140409,4,5,Columbus Blue Jackets,Detroit Red Wings,20180404_140409
20180407_200418,5,4,Montréal Canadiens,Winnipeg Jets,20180407_200418
20180406_180352,0,4,Tampa Bay Lightning,Boston Bruins,20180406_180352
20180404_025518,1,2,Florida Panthers,Nashville Predators,20180404_025518
20180404_035238,4,1,Calgary Flames,Arizona Coyotes,20180404_035238
20180407_063426,4,4,Vancouver Canucks,Vegas Golden Knights,20180407_063426
20180404_181421,4,2,San Jose Sharks,Dallas Stars,20180404_181421
20180408_175917,4,2,Buffalo Sabres,Ottawa Senators,20180408_175917
20180408_152920,4,3,St. Louis Blues,Chicago Blackhawks,20180408_152920
20180408_172920,1,3,Anaheim Ducks,Minnesota Wild,20180408_172920
20180406_014524,1,2,New Jersey Devils,Toronto Maple Leafs,20180406_014524
20180408_155856,1,2,New York Islanders,New York Rangers,20180408_155856
20180408_155859,3,4,Philadelphia Flyers,Carolina Hurricanes,20180408_155859
20180406_051428,4,3,Washington Capitals,Nashville Predators,20180406_051428
20180409_142929,5,4,Columbus Blue Jackets,Pittsburgh Penguins,20180409_142929
20180409_222930,4,3,Detroit Red Wings,Montréal Canadiens,20180409_222930
20180406_175419,2,3,Florida Panthers,Boston Bruins,20180406_175419
20180409_235933,1,2,Winnipeg Jets,Calgary Flames,20180409_235933
20180409_212933,3,4,Edmonton Oilers,Vegas Golden Knights,20180409_212933
20180409_205939,3,4,Vancouver Canucks,Arizona Coyotes,20180409_205939
20180409_232940,4,5,Los Angeles Kings,Minnesota Wild,20180409_232940
20180409_125935,2,4,San Jose Sharks,Colorado Avalanche,20180409_125935
20180410_155916,0,4,Pittsburgh Penguins,Ottawa Senators,20180410_155916
20180408_175849,5,7,Tampa Bay Lightning,Buffalo Sabres,20180408_175849
20180409_212916,4,1,Chicago Blackhawks,St. Louis Blues,20180409_212916
20180410_202924,3,5,Anaheim Ducks,Dallas Stars,20180410_202924
20180408_200846,0,5,Philadelphia Flyers,New York Rangers,20180408_200846
20180411_174841,2,5,Boston Bruins,Ottawa Senators,20180411_174841
20180409_222852,2,4,Toronto Maple Leafs,Montréal Canadiens,20180409_222852
20180409_215854,4,3,Detroit Red Wings,New York Islanders,20180409_215854
20180409_142855,3,4,Florida Panthers,Buffalo Sabres,20180409_142855
20180411_174850,3,5,Washington Capitals,New Jersey Devils,20180411_174850
20180408_200859,2,3,Carolina Hurricanes,Tampa Bay Lightning,20180408_200859
20180411_075850,1,4,Winnipeg Jets,Chicago Blackhawks,20180411_075850
20180409_142902,2,4,Nashville Predators,Columbus Blue Jackets,20180409_142902
20180409_215908,2,5,Colorado Avalanche,St. Louis Blues,20180409_215908
20180410_202907,3,0,Arizona Coyotes,Anaheim Ducks,20180410_202907
20180410_145907,1,7,Calgary Flames,Vegas Golden Knights,20180410_145907
20180411_035911,2,2,Edmonton Oilers,Vancouver Canucks,20180411_035911
20180411_165913,4,2,Los Angeles Kings,Dallas Stars,20180411_165913
