,Player,Total Salary,Column1
ANA,Corey PerryRight Wing,10000000,21
ANA,Ryan GetzlafCenter,9250000,21
ANA,Ryan KeslerCenter,7875000,21
ANA,Sami VatanenDefenseman,5000000,21
ANA,Jonathan BernierGoaltender,4150000,21
ANA,Kevin BieksaDefenseman,4000000,21
ANA,Cam FowlerDefenseman,4000000,21
ANA,Rickard RakellCenter,3800000,21
ANA,Clayton StonerDefenseman,3250000,21
ANA,Andrew CoglianoLeft Wing,3100000,21
ANA,Hampus LindholmDefenseman,3000000,21
ANA,Jakob SilfverbergRight Wing,3000000,21
ANA,Simon DespresDefenseman,2600000,21
ANA,Nate ThompsonCenter,1700000,21
ANA,Antoine VermetteCenter,1652780,21
ANA,John GibsonGoaltender,1500000,21
ANA,Ryan GarbuttRight Wing,1000000,21
ANA,Nicolas KerdilesCenter,925000,21
ANA,Jacob LarssonDefenseman,925000,21
ANA,Brandon MontourDefenseman,925000,21
ANA,Nicholas RitchieLeft Wing,925000,21
ANA,Nick SorensenRight Wing,925000,21
ANA,Jaycob MegnaDefenseman,925000,21
ANA,Jared BollRight Wing,900000,21
ANA,Shea TheodoreDefenseman,832500,21
ANA,Josh MansonDefenseman,825000,21
ANA,Emerson EtemLeft Wing,775000,21
ANA,Korbinian HolzerDefenseman,700000,21
ANA,Mason RaymondLeft Wing,675000,21
ANA,Logan ShawRight Wing,660000,21
ANA,Chris WagnerCenter,625000,21
ANA,Corey TroppRight Wing,600000,21
ANA,Jhonas EnrothGoaltender,370863,21
ANA,Patrick EavesRight Wing,250020,21
ANA,Kalle KossilaCenter,97639,21
ANA,Ondrej KaseRight Wing,70000,21
ARI,Mike SmithGoaltender,6500000,43
ARI,Oliver Ekman-LarssonDefenseman,6000000,43
ARI,Dave BollandCenter,5500000,43
ARI,Alex GoligoskiDefenseman,5375000,43
ARI,Shane DoanRight Wing,3876134,43
ARI,Zbynek MichalekDefenseman,3200000,43
ARI,Jamie McGinnLeft Wing,3000000,43
ARI,Connor MurphyDefenseman,2400000,43
ARI,Brad RichardsonRight Wing,2250000,43
ARI,Tobias RiederRight Wing,2000000,43
ARI,Jakob ChychrunDefenseman,1535000,43
ARI,Clayton KellerCenter,1085000,43
ARI,Brendan PerliniLeft Wing,1017500,43
ARI,Luke SchennDefenseman,1000000,43
ARI,Louis DomingueGoaltender,1000000,43
ARI,Radim VrbataRight Wing,1000000,43
ARI,Kevin ConnautonDefenseman,950000,43
ARI,Lawson CrouseLeft Wing,925000,43
ARI,Anthony DeAngeloDefenseman,925000,43
ARI,Peter HollandCenter,881124,43
ARI,Tyler GaudetCenter,874125,43
ARI,Max DomiLeft Wing,832500,43
ARI,Anthony DuclairLeft Wing,832500,43
ARI,Christian FischerCenter,817500,43
ARI,Teemu PulkkinenLeft Wing,812500,43
ARI,Christian DvorakCenter,792500,43
ARI,Laurent DauphinCenter,767500,43
ARI,Alexander BurmistrovCenter,720000,43
ARI,Marek LanghamerGoaltender,673334,43
ARI,Jamie McBainDefenseman,650000,43
ARI,Jordan MartinookLeft Wing,625000,43
ARI,Josh JoorisCenter,600000,43
ARI,Chris ProngerDefenseman,575000,43
ARI,Dylan StromeCenter,286252,43
ARI,Adin HillGoaltender,92500,43
BOS,Patrice BergeronCenter,8750000,20
BOS,David BackesCenter,8000000,20
BOS,Tuukka RaskGoaltender,7500000,20
BOS,David KrejciCenter,7250000,20
BOS,Zdeno CharaDefenseman,5000000,20
BOS,Torey KrugDefenseman,5000000,20
BOS,Brad MarchandLeft Wing,5000000,20
BOS,Matt BeleskeyLeft Wing,4000000,20
BOS,Adam McQuaidDefenseman,3000000,20
BOS,Kevan MillerDefenseman,2500000,20
BOS,Jimmy HayesRight Wing,2400000,20
BOS,John-Michael LilesDefenseman,2250000,20
BOS,Anton KhudobinGoaltender,1200000,20
BOS,Ryan SpoonerCenter,1100000,20
BOS,Charles McavoyDefenseman,1085000,20
BOS,Drew StaffordRight Wing,966680,20
BOS,Zane McIntyreGoaltender,925000,20
BOS,David PastrnakRight Wing,925000,20
BOS,Colin MillerDefenseman,900000,20
BOS,Dominic MooreCenter,900000,20
BOS,Riley NashCenter,900000,20
BOS,Noel AcciariCenter,892500,20
BOS,Peter CehlarikRight Wing,877500,20
BOS,Austin CzarnikCenter,842500,20
BOS,Frank VatranoLeft Wing,842500,20
BOS,Malcolm SubbanGoaltender,832500,20
BOS,Brandon CarloDefenseman,817500,20
BOS,Jakob KarlssonCenter,807500,20
BOS,Joe MorrowDefenseman,800000,20
BOS,Matthew GrzelcykDefenseman,792500,20
BOS,Anton BlidhLeft Wing,792500,20
BOS,Danton HeinenCenter,767500,20
BOS,Tim SchallerCenter,600000,20
BOS,Sean KuralyCenter,92500,20
BUF,Ryan O'ReillyCenter,11000000,17
BUF,Kyle OkposoRight Wing,8000000,17
BUF,Evander KaneLeft Wing,6000000,17
BUF,Rasmus RistolainenDefenseman,5310000,17
BUF,Zach BogosianDefenseman,5250000,17
BUF,Matt MoulsonLeft Wing,5000000,17
BUF,Dmitry KulikovDefenseman,4500000,17
BUF,Josh GorgesDefenseman,3900000,17
BUF,Tyler EnnisCenter,3650000,17
BUF,Brian GiontaRight Wing,3250000,17
BUF,Robin LehnerGoaltender,3150000,17
BUF,Cody FransonDefenseman,2650000,17
BUF,Marcus FolignoLeft Wing,2250000,17
BUF,Jake McCabeDefenseman,1250000,17
BUF,Zemgus GirgensonsCenter,1150000,17
BUF,Jack EichelCenter,1137500,17
BUF,C.J. SmithLeft Wing,1017500,17
BUF,Cody McCormickCenter,1000000,17
BUF,Anders NilssonGoaltender,1000000,17
BUF,Johan LarssonLeft Wing,950000,17
BUF,Hudson FaschingRight Wing,925000,17
BUF,Alexander NylanderRight Wing,925000,17
BUF,Sam ReinhartCenter,925000,17
BUF,Linus UllmarkGoaltender,892500,17
BUF,Evan RodriguesLeft Wing,842500,17
BUF,Nicolas DeslauriersLeft Wing,775000,17
BUF,Brendan GuhleDefenseman,742500,17
BUF,Nicholas BaptisteRight Wing,740000,17
BUF,Cal O'ReillyCenter,700000,17
BUF,Justin BaileyRight Wing,692500,17
BUF,William CarrierLeft Wing,652500,17
BUF,Justin FalkDefenseman,650000,17
BUF,Derek GrantLeft Wing,650000,17
BUF,Casey NelsonDefenseman,650000,17
BUF,Brady AustinDefenseman,635000,17
BUF,Taylor FedunDefenseman,600000,17
BUF,Cole SchneiderLeft Wing,600000,17
BUF,Erik BurgdoerferDefenseman,575000,17
BUF,Sean MaloneCenter,194250,17
CGY,Johnny GaudreauLeft Wing,6750000,11
CGY,Mark GiordanoDefenseman,6750000,11
CGY,Sean MonahanCenter,6500000,11
CGY,Dennis WidemanDefenseman,6000000,11
CGY,Dougie HamiltonDefenseman,5500000,11
CGY,Michael FrolikRight Wing,5000000,11
CGY,T.J. BrodieDefenseman,4837500,11
CGY,Troy BrouwerRight Wing,4500000,11
CGY,Ladislav SmidDefenseman,4000000,11
CGY,Mikael BacklundCenter,3575000,11
CGY,Matt StajanCenter,3000000,11
CGY,Deryk EngellandDefenseman,2750000,11
CGY,Brian ElliottGoaltender,2700000,11
CGY,Lance BoumaCenter,2200000,11
CGY,Michael StoneDefenseman,2000000,11
CGY,Chad JohnsonGoaltender,1700000,11
CGY,Brandon BolligLeft Wing,1300000,11
CGY,Kris VersteegLeft Wing,950000,11
CGY,Micheal FerlandLeft Wing,950000,11
CGY,Sam BennettCenter,925000,11
CGY,Jon GilliesGoaltender,925000,11
CGY,David RittichGoaltender,925000,11
CGY,Matthew TkachukLeft Wing,925000,11
CGY,Alex ChiassonRight Wing,800000,11
CGY,Brett KulakDefenseman,760000,11
CGY,Rasmus AnderssonDefenseman,742500,11
CGY,Garnet HathawayRight Wing,722500,11
CGY,Linden VeyCenter,700000,11
CGY,Tyler WotherspoonDefenseman,625000,11
CGY,Matt BartkowskiDefenseman,612500,11
CGY,Freddie HamiltonCenter,575000,11
CGY,Curtis LazarCenter,205560,11
CGY,Mark JankowskiCenter,92500,11
CAR,Jordan StaalCenter,6000000,66
CAR,Jeff SkinnerLeft Wing,6000000,66
CAR,Justin FaulkDefenseman,5500000,66
CAR,Bryan BickellLeft Wing,4500000,66
CAR,Victor RaskCenter,4000000,66
CAR,Cam WardGoaltender,3500000,66
CAR,Eddie LackGoaltender,2500000,66
CAR,Elias LindholmCenter,2500000,66
CAR,Lee StempniakRight Wing,2500000,66
CAR,Joakim NordstromLeft Wing,1250000,66
CAR,Sebastian AhoLeft Wing,1110000,66
CAR,Jay McClementCenter,1100000,66
CAR,Andrej NestrasilCenter,950000,66
CAR,Noah HanifinDefenseman,925000,66
CAR,Jaccob SlavinDefenseman,925000,66
CAR,Phillip di GiuseppeLeft Wing,867500,66
CAR,Alex NedeljkovicGoaltender,842500,66
CAR,Teuvo TeravainenCenter,832500,66
CAR,Andrew PoturalskiCenter,792500,66
CAR,Brett PesceDefenseman,792500,66
CAR,Ryan MurphyDefenseman,750000,66
CAR,Klas DahlbeckDefenseman,750000,66
CAR,Valentin ZykovLeft Wing,727500,66
CAR,Roland McKeownDefenseman,717500,66
CAR,Lucas WallmarkCenter,675000,66
CAR,Matt TennysonDefenseman,675000,66
CAR,Patrick BrownLeft Wing,650000,66
CAR,Derek RyanCenter,600000,66
CAR,Scott DarlingGoaltender,587500,66
CAR,Sergey TolchinskyRight Wing,575000,66
CAR,Michael LeightonGoaltender,342232,66
CHI,Patrick KaneRight Wing,13800000,6
CHI,Jonathan ToewsCenter,13800000,6
CHI,Brent SeabrookDefenseman,9000000,6
CHI,Corey CrawfordGoaltender,6000000,6
CHI,Duncan KeithDefenseman,6000000,6
CHI,Artem AnisimovCenter,5750000,6
CHI,Niklas HjalmarssonDefenseman,4100000,6
CHI,Marian HossaRight Wing,4000000,6
CHI,Marcus KrugerCenter,3475000,6
CHI,Brian CampbellDefenseman,1500000,6
CHI,Gustav ForslingDefenseman,952500,6
CHI,Tyler MotteCenter,925000,6
CHI,Nick SchmaltzCenter,925000,6
CHI,Richard PanikRight Wing,875000,6
CHI,John OduyaDefenseman,854153,6
CHI,Artemi PanarinLeft Wing,832500,6
CHI,Andrew DesjardinsCenter,800000,6
CHI,Trevor Van RiemsdykDefenseman,750000,6
CHI,Jordin TootooRight Wing,750000,6
CHI,Michal KempnyDefenseman,700000,6
CHI,Vincent HinostrozaCenter,667500,6
CHI,Erik GustafssonDefenseman,667500,6
CHI,Michal RozsivalDefenseman,600000,6
CHI,Tanner KeroCenter,575000,6
CHI,Jeff GlassGoaltender,575000,6
CHI,Lars JohanssonGoaltender,575000,6
CHI,Dennis RasmussenCenter,575000,6
CHI,John HaydenCenter,319125,6
CHI,Tomas JurcoRight Wing,237510,6
COL,Matt DucheneCenter,6000000,22
COL,Erik JohnsonDefenseman,6000000,22
COL,Semyon VarlamovGoaltender,6000000,22
COL,Gabriel LandeskogLeft Wing,5500000,22
COL,Nathan MacKinnonCenter,5000000,22
COL,Tyson BarrieDefenseman,5000000,22
COL,Carl SoderbergCenter,4750000,22
COL,Francois BeaucheminDefenseman,4500000,22
COL,Joe ColborneCenter,2500000,22
COL,Blake ComeauLeft Wing,2400000,22
COL,Fedor TyutinDefenseman,2000000,22
COL,John MitchellCenter,1900000,22
COL,Eric GelinasDefenseman,1650000,22
COL,Mikhail GrigorenkoCenter,1300000,22
COL,Tyson JostCenter,1110000,22
COL,Calvin PickardGoaltender,925000,22
COL,Rocco GrimaldiRight Wing,925000,22
COL,Mikko RantanenRight Wing,925000,22
COL,Duncan SiemensDefenseman,874125,22
COL,Nikita ZadorovDefenseman,832500,22
COL,Gabriel BourqueLeft Wing,800000,22
COL,Patrick WierciochDefenseman,800000,22
COL,Cody GoloubefDefenseman,800000,22
COL,A.J. GreerLeft Wing,750000,22
COL,Spencer MartinGoaltender,742500,22
COL,Jeremy SmithGoaltender,675000,22
COL,Anton LindholmDefenseman,667500,22
COL,Rene BourqueLeft Wing,650000,22
COL,Jim O'BrienCenter,600000,22
COL,Samuel HenleyLeft Wing,590000,22
COL,Matt NietoLeft Wing,387885,22
COL,Sven AndrighettoRight Wing,335843,22
COL,Mark BarberioDefenseman,297748,22
COL,J.T CompherCenter,277500,22
CBJ,Sergei BobrovskyGoaltender,8500000,52
CBJ,David ClarksonRight Wing,7000000,52
CBJ,Brandon DubinskyCenter,5850000,52
CBJ,Brandon SaadLeft Wing,5750000,52
CBJ,Nick FolignoLeft Wing,5500000,52
CBJ,Seth JonesDefenseman,5400000,52
CBJ,Scott HartnellLeft Wing,5000000,52
CBJ,Jack JohnsonDefenseman,5000000,52
CBJ,David SavardDefenseman,3500000,52
CBJ,Cameron AtkinsonRight Wing,3500000,52
CBJ,Ryan MurrayDefenseman,2825000,52
CBJ,Matt CalvertLeft Wing,2200000,52
CBJ,Gregory CampbellCenter,1300000,52
CBJ,William KarlssonCenter,1000000,52
CBJ,Alexander WennbergCenter,925000,52
CBJ,Gabriel CarlssonDefenseman,925000,52
CBJ,Pierre-Luc DuboisLeft Wing,925000,52
CBJ,Zachary WerenskiDefenseman,925000,52
CBJ,Sonny MilanoLeft Wing,925000,52
CBJ,Markus NutivaaraDefenseman,792500,52
CBJ,Oscar DanskGoaltender,792500,52
CBJ,Dean KukanDefenseman,792500,52
CBJ,Josh AndersonRight Wing,678333,52
CBJ,Markus HannikainenLeft Wing,650000,52
CBJ,Anton ForsbergGoaltender,650000,52
CBJ,Sam GagnerCenter,650000,52
CBJ,Scott HarringtonDefenseman,632500,52
CBJ,Oliver BjorkstrandRight Wing,600000,52
CBJ,Zac DalpeCenter,600000,52
CBJ,Lukas SedlakCenter,600000,52
CBJ,T.J. TynanCenter,600000,52
CBJ,Joonas KorpisaloGoaltender,463750,52
CBJ,Kyle QuinceyDefenseman,277760,52
CBJ,Lauri KorpikoskiLeft Wing,222240,52
CBJ,Justin ScottRight Wing,92500,52
DAL,Jason SpezzaCenter,7500000,46
DAL,Kari LehtonenGoaltender,6000000,46
DAL,Tyler SeguinCenter,6000000,46
DAL,Jamie BennLeft Wing,5750000,46
DAL,Patrick SharpLeft Wing,5000000,46
DAL,Antti NiemiGoaltender,4500000,46
DAL,Dan HamhuisDefenseman,4500000,46
DAL,Ales HemskyRight Wing,4000000,46
DAL,Cody EakinCenter,3764445,46
DAL,John KlingbergDefenseman,2500000,46
DAL,Antoine RousselLeft Wing,2200000,46
DAL,Jiri HudlerLeft Wing,2000000,46
DAL,Denis GurianovRight Wing,925000,46
DAL,Jason DickinsonCenter,925000,46
DAL,Julius HonkaDefenseman,925000,46
DAL,Jamie OleksiakDefenseman,918750,46
DAL,Patrik NemethDefenseman,900000,46
DAL,Brett RitchieRight Wing,875000,46
DAL,Devin ShoreCenter,867500,46
DAL,Radek FaksaCenter,832500,46
DAL,Esa LindellDefenseman,802500,46
DAL,Mattias JanmarkCenter,792500,46
DAL,Remi ElieLeft Wing,767500,46
DAL,Curtis McKenzieLeft Wing,700000,46
DAL,Stephen JohnsDefenseman,650000,46
DAL,Justin DowlingCenter,625000,46
DAL,Adam CracknellRight Wing,600000,46
DAL,Mark McNeillRight Wing,600000,46
DAL,Greg PaterynDefenseman,574986,46
DET,Henrik ZetterbergLeft Wing,7750000,18
DET,Mike GreenDefenseman,6000000,18
DET,Frans NielsenCenter,6000000,18
DET,Jimmy HowardGoaltender,5500000,18
DET,Niklas KronwallDefenseman,5500000,18
DET,Justin AbdelkaderLeft Wing,5500000,18
DET,Darren HelmCenter,5000000,18
DET,Jonathan EricssonDefenseman,4250000,18
DET,Danny DeKeyserDefenseman,4000000,18
DET,Petr MrazekGoaltender,3850000,18
DET,Johan FranzenLeft Wing,3500000,18
DET,Tomas TatarLeft Wing,2750000,18
DET,Riley SheahanLeft Wing,2075000,18
DET,Joe VitaleCenter,1300000,18
DET,Drew MillerLeft Wing,1025000,18
DET,Dylan LarkinCenter,925000,18
DET,Evgeny SvechnikovLeft Wing,925000,18
DET,Anthony ManthaRight Wing,832500,18
DET,Dan RenoufDefenseman,785000,18
DET,Xavier OuelletDefenseman,715000,18
DET,Luke GlendeningCenter,675000,18
DET,Brian LashoffDefenseman,650000,18
DET,Robbie RussoDefenseman,600000,18
DET,Ryan SproulDefenseman,600000,18
DET,Mitchell CallahanRight Wing,600000,18
DET,Ben StreetRight Wing,600000,18
DET,Nick JensenDefenseman,600000,18
DET,Tyler BertuzziLeft Wing,575000,18
DET,Andreas AthanasiouCenter,575000,18
DET,Jared CoreauGoaltender,575000,18
DET,Tomas NosekLeft Wing,575000,18
DET,Ed PasqualeGoaltender,575000,18
DET,Matt LoritoLeft Wing,9582,18
EDM,Milan LucicLeft Wing,8000000,10
EDM,Andrej SekeraDefenseman,6500000,10
EDM,Jordan EberleRight Wing,6000000,10
EDM,Ryan Nugent-HopkinsCenter,6000000,10
EDM,Cameron TalbotGoaltender,4150000,10
EDM,Benoit PouliotLeft Wing,4000000,10
EDM,Connor McDavidCenter,3775000,10
EDM,Mark FayneDefenseman,3500000,10
EDM,Andrew FerenceDefenseman,3250000,10
EDM,Kris RussellDefenseman,3100000,10
EDM,Oscar KlefbomDefenseman,3000000,10
EDM,Adam LarssonDefenseman,3000000,10
EDM,Patrick MaroonLeft Wing,2000000,10
EDM,Matt HendricksLeft Wing,1850000,10
EDM,Mark LetestuCenter,1800000,10
EDM,Zack KassianRight Wing,1500000,10
EDM,Eric GrybaDefenseman,950000,10
EDM,Matthew BenningDefenseman,925000,10
EDM,Drake CaggiulaCenter,925000,10
EDM,Leon DraisaitlCenter,925000,10
EDM,Jesse PuljujarviRight Wing,925000,10
EDM,Anton SlepyshevLeft Wing,925000,10
EDM,Dillon SimpsonDefenseman,925000,10
EDM,Jujhar KhairaLeft Wing,832500,10
EDM,Griffin ReinhartDefenseman,832500,10
EDM,Jonas GustavssonGoaltender,800000,10
EDM,David DesharnaisCenter,797204,10
EDM,Iiro PakarinenRight Wing,725000,10
EDM,Tyler PitlickRight Wing,725000,10
EDM,Ben BetkerDefenseman,675000,10
EDM,Laurent BrossoitGoaltender,650000,10
EDM,David MusilDefenseman,600000,10
EDM,Jordan OesterleDefenseman,585000,10
EDM,Anton LanderCenter,257842,10
EDM,Nick EllisGoaltender,92500,10
FLA,Keith YandleDefenseman,7500000,45
FLA,Roberto LuongoGoaltender,6714000,45
FLA,James ReimerGoaltender,5000000,45
FLA,Aleksander BarkovCenter,4500000,45
FLA,Jason DemersDefenseman,4500000,45
FLA,Jaromir JagrRight Wing,4000000,45
FLA,Jussi JokinenLeft Wing,4000000,45
FLA,Jonathan HuberdeauLeft Wing,4000000,45
FLA,Vincent TrocheckCenter,3750000,45
FLA,Reilly SmithRight Wing,3500000,45
FLA,Nick BjugstadCenter,3350000,45
FLA,Jakub KindlDefenseman,3000000,45
FLA,Reto BerraGoaltender,1500000,45
FLA,Derek MacKenzieCenter,1300000,45
FLA,Mark PysykDefenseman,1250000,45
FLA,Alex PetrovicDefenseman,1200000,45
FLA,Ian McCoshenDefenseman,1025000,45
FLA,Colton SceviourCenter,950000,45
FLA,Aaron EkbladDefenseman,925000,45
FLA,Michael MathesonDefenseman,925000,45
FLA,Jared McCannLeft Wing,925000,45
FLA,Kyle RauCenter,925000,45
FLA,Adam WilcoxGoaltender,925000,45
FLA,MacKenzie WeegarDefenseman,800000,45
FLA,Jonathan MarchessaultCenter,750000,45
FLA,Denis MalginCenter,640000,45
FLA,Michael SgarbossaCenter,600000,45
FLA,Shawn ThorntonRight Wing,600000,45
FLA,Thomas VanekLeft Wing,577760,45
FLA,Paul ThompsonCenter,405638,45
FLA,Sam BrittainGoaltender,300024,45
LAK,Anze KopitarCenter,14000000,41
LAK,Drew DoughtyDefenseman,7450000,41
LAK,Dustin BrownRight Wing,7000000,41
LAK,Jonathan QuickGoaltender,7000000,41
LAK,Jeff CarterCenter,7000000,41
LAK,Marian GaborikRight Wing,6075000,41
LAK,Slava VoynovDefenseman,4400000,41
LAK,Jacob MuzzinDefenseman,4000000,41
LAK,Alec MartinezDefenseman,3900000,41
LAK,Tyler ToffoliRight Wing,3900000,41
LAK,Jarome IginlaRight Wing,2750000,41
LAK,Matt GreeneDefenseman,2500000,41
LAK,Trevor LewisCenter,2000000,41
LAK,Brayden McNabbDefenseman,1600000,41
LAK,Teddy PurcellLeft Wing,1600000,41
LAK,Tanner PearsonLeft Wing,1550000,41
LAK,Ben BishopGoaltender,1421408,41
LAK,Kyle CliffordCenter,1250000,41
LAK,Jordan NolanCenter,1000000,41
LAK,Paul LadueDefenseman,925000,41
LAK,Adrian KempeLeft Wing,925000,41
LAK,Jonny BrodzinskiCenter,925000,41
LAK,Jeff ZatkoffGoaltender,900000,41
LAK,Kevin GravelDefenseman,667500,41
LAK,Derek ForbortDefenseman,650000,41
LAK,Nic DowdCenter,630000,41
LAK,Nick ShoreCenter,600000,41
LAK,Andy AndreoffLeft Wing,600000,41
LAK,Jack CampbellGoaltender,575000,41
LAK,Devin SetoguchiRight Wing,575000,41
MIN,Zach PariseLeft Wing,9000000,35
MIN,Ryan SuterDefenseman,9000000,35
MIN,Jason PominvilleRight Wing,6250000,35
MIN,Mikko KoivuCenter,5400000,35
MIN,Devan DubnykGoaltender,5000000,35
MIN,Jared SpurgeonDefenseman,4250000,35
MIN,Jonas BrodinDefenseman,4000000,35
MIN,Marco ScandellaDefenseman,3750000,35
MIN,Eric StaalCenter,3500000,35
MIN,Mikael GranlundCenter,3200000,35
MIN,Nino NiederreiterRight Wing,2666667,35
MIN,Charlie CoyleCenter,2600000,35
MIN,Mathew DumbaDefenseman,2375000,35
MIN,Jason ZuckerLeft Wing,2000000,35
MIN,Darcy KuemperGoaltender,1550000,35
MIN,Chris StewartRight Wing,1200000,35
MIN,Erik HaulaCenter,1050000,35
MIN,Mike ReillyDefenseman,925000,35
MIN,Alex TuchRight Wing,925000,35
MIN,Joel Eriksson EkCenter,925000,35
MIN,Christian FolinDefenseman,850000,35
MIN,Martin HanzalCenter,836092,35
MIN,Christoph BertschyCenter,742500,35
MIN,Stephen MichalekGoaltender,725000,35
MIN,Kurtis GabrielRight Wing,725000,35
MIN,Zack MitchellRight Wing,680000,35
MIN,Jordan SchroederCenter,650000,35
MIN,Alex StalockGoaltender,650000,35
MIN,Nate ProsserDefenseman,650000,35
MIN,Tyler GraovacCenter,600000,35
MIN,Pat CannoneCenter,600000,35
MIN,Victor BartleyDefenseman,366935,35
MIN,Ryan WhiteCenter,238908,35
MIN,Gustav OlofssonDefenseman,92500,35
MTL,Shea WeberDefenseman,12000000,2
MTL,Carey PriceGoaltender,7000000,2
MTL,Tomas PlekanecCenter,7000000,2
MTL,Jeff PetryDefenseman,7000000,2
MTL,Alexander RadulovRight Wing,5750000,2
MTL,Andrew ShawCenter,5500000,2
MTL,Max PaciorettyLeft Wing,5000000,2
MTL,Brendan GallagherRight Wing,4500000,2
MTL,Andrei MarkovDefenseman,4250000,2
MTL,Alexei EmelinDefenseman,4200000,2
MTL,Alex GalchenyukCenter,3100000,2
MTL,Dwight KingLeft Wing,2100000,2
MTL,Torrey MitchellCenter,1300000,2
MTL,Paul ByronCenter,1300000,2
MTL,Nathan BeaulieuDefenseman,1000000,2
MTL,Brian FlynnRight Wing,950000,2
MTL,Al MontoyaGoaltender,950000,2
MTL,Jacob De La RoseLeft Wing,925000,2
MTL,Charlie LindgrenGoaltender,925000,2
MTL,Mikhail SergachevDefenseman,925000,2
MTL,Nikita ScherbakRight Wing,925000,2
MTL,Artturi LehkonenLeft Wing,925000,2
MTL,Phillip DanaultCenter,875000,2
MTL,Jordie BennDefenseman,843334,2
MTL,Daniel CarrLeft Wing,725000,2
MTL,Zachary FucaleGoaltender,700000,2
MTL,Ryan JohnstonDefenseman,692500,2
MTL,Brett LernoutDefenseman,635000,2
MTL,Joel HanleyDefenseman,600000,2
MTL,Chris TerryRight Wing,600000,2
MTL,Zach RedmondDefenseman,575000,2
MTL,Brandon DavidsonDefenseman,296102,2
MTL,Nikita NesterovDefenseman,294044,2
MTL,Steve OttCenter,177760,2
MTL,Andreas MartinsenCenter,142240,2
NSH,P.K. SubbanDefenseman,11000000,19
NSH,Pekka RinneGoaltender,7000000,19
NSH,Filip ForsbergCenter,6000000,19
NSH,Ryan JohansenCenter,6000000,19
NSH,James NealLeft Wing,5000000,19
NSH,Roman JosiDefenseman,4250000,19
NSH,Mike FisherCenter,4000000,19
NSH,Craig SmithCenter,4000000,19
NSH,Mike RibeiroCenter,3500000,19
NSH,Mattias EkholmDefenseman,3000000,19
NSH,Ryan EllisDefenseman,2500000,19
NSH,Calle JarnkrokCenter,1700000,19
NSH,Vernon FiddlerCenter,1250000,19
NSH,Kevin FialaLeft Wing,925000,19
NSH,Pontus AbergLeft Wing,925000,19
NSH,Vladislav KamenevCenter,742500,19
NSH,Alex CarrierDefenseman,640000,19
NSH,Viktor ArvidssonLeft Wing,640000,19
NSH,Anthony BitettoDefenseman,612500,19
NSH,Brad HuntDefenseman,600000,19
NSH,Frederick GaudreauCenter,595000,19
NSH,Colton SissonsCenter,575000,19
NSH,Cody BassRight Wing,575000,19
NSH,Petter GranbergDefenseman,575000,19
NSH,Miikka SalomakiRight Wing,575000,19
NSH,Trevor SmithCenter,575000,19
NSH,Matt IrwinDefenseman,575000,19
NSH,Michael LiambasLeft Wing,575000,19
NSH,Marek MazanecGoaltender,575000,19
NSH,Adam PardyDefenseman,575000,19
NSH,Austin WatsonLeft Wing,575000,19
NSH,Yannick WeberDefenseman,575000,19
NSH,Harry ZolnierczykLeft Wing,575000,19
NSH,Juuse SarosGoaltender,552436,19
NSH,Cody McLeodLeft Wing,450000,19
NSH,Pierre-Alexandre ParenteauRight Wing,277760,19
NJD,Travis ZajacCenter,6500000,29
NJD,Taylor HallLeft Wing,6000000,29
NJD,Cory SchneiderGoaltender,6000000,29
NJD,Michael CammalleriLeft Wing,5000000,29
NJD,Andy GreeneDefenseman,5000000,29
NJD,Ryane CloweLeft Wing,4850000,29
NJD,Kyle PalmieriRight Wing,4500000,29
NJD,Adam HenriqueCenter,4500000,29
NJD,Ben LovejoyDefenseman,2500000,29
NJD,John MooreDefenseman,1750000,29
NJD,Devante Smith-PellyRight Wing,1250000,29
NJD,Jacob JosefsonCenter,1100000,29
NJD,Michael KaplaDefenseman,1017500,29
NJD,Jon MerrillDefenseman,1000000,29
NJD,Steven SantiniDefenseman,925000,29
NJD,Nick LappinRight Wing,842500,29
NJD,John QuennevilleCenter,842500,29
NJD,Pavel ZachaCenter,832500,29
NJD,Keith KinkaidGoaltender,750000,29
NJD,Beau BennettRight Wing,725000,29
NJD,Joseph BlandisiRight Wing,715000,29
NJD,Luke GazdicLeft Wing,700000,29
NJD,Miles WoodLeft Wing,698375,29
NJD,Blake ColemanCenter,692500,29
NJD,Vojtech MozikDefenseman,692500,29
NJD,Blake PietilaLeft Wing,675000,29
NJD,Blake SpeersRight Wing,667500,29
NJD,Ben ThomsonLeft Wing,635000,29
NJD,Kevin RooneyCenter,625000,29
NJD,Ken ApplebyGoaltender,610000,29
NJD,Damon SeversonDefenseman,600000,29
NJD,Stefan NoesenRight Wing,600000,29
NJD,Seth HelgesonDefenseman,600000,29
NJD,Marc SavardCenter,575000,29
NJD,Bobby FarnhamLeft Wing,575000,29
NJD,Karl StolleryDefenseman,575000,29
NJD,Dalton ProutDefenseman,277760,29
NYI,Andrew LaddLeft Wing,8000000,51
NYI,Johnny BoychukDefenseman,7000000,51
NYI,John TavaresCenter,6000000,51
NYI,Mikhail GrabovskiCenter,5000000,51
NYI,Travis HamonicDefenseman,4875000,51
NYI,Jaroslav HalakGoaltender,4750000,51
NYI,Nick LeddyDefenseman,4500000,51
NYI,Nikolai KuleminLeft Wing,4250000,51
NYI,Josh BaileyLeft Wing,3700000,51
NYI,Anders LeeCenter,3500000,51
NYI,Cal ClutterbuckRight Wing,3500000,51
NYI,Casey CizikasCenter,2500000,51
NYI,Brock NelsonCenter,2500000,51
NYI,Calvin de HaanDefenseman,2500000,51
NYI,Thomas HickeyDefenseman,2250000,51
NYI,Ryan StromeCenter,2000000,51
NYI,Jason ChimeraLeft Wing,2000000,51
NYI,Thomas GreissGoaltender,2000000,51
NYI,Dennis SeidenbergDefenseman,1000000,51
NYI,Mathew BarzalCenter,925000,51
NYI,Adam PelechDefenseman,925000,51
NYI,Shane PrinceLeft Wing,800000,51
NYI,Bracken KearnsCenter,800000,51
NYI,Jean-Francois BerubeGoaltender,675000,51
NYI,Ross JohnstonLeft Wing,670000,51
NYI,Steve BernierRight Wing,600000,51
NYI,Scott MayfieldDefenseman,575000,51
NYI,Alan QuineCenter,575000,51
NYI,Stephen GiontaCenter,575000,51
NYI,Connor JonesLeft Wing,575000,51
NYI,Joshua Ho-SangRight Wing,286750,51
NYI,Anthony BeauvillierLeft Wing,92500,51
NYR,Henrik LundqvistGoaltender,9500000,28
NYR,Rick NashLeft Wing,8000000,28
NYR,Derek StepanCenter,8000000,28
NYR,Marc StaalDefenseman,6000000,28
NYR,Dan GirardiDefenseman,6000000,28
NYR,Chris KreiderLeft Wing,5000000,28
NYR,Ryan McDonaghDefenseman,4700000,28
NYR,Mats Zuccarello-AasenRight Wing,4500000,28
NYR,Mika ZibanejadCenter,3250000,28
NYR,Kevin KleinDefenseman,2750000,28
NYR,J.T. MillerCenter,2750000,28
NYR,Kevin HayesCenter,2600000,28
NYR,Michael GrabnerRight Wing,1650000,28
NYR,Nick HoldenDefenseman,1650000,28
NYR,Pavel BuchnevichLeft Wing,1110000,28
NYR,Brandon PirriCenter,1100000,28
NYR,Tanner GlassLeft Wing,1000000,28
NYR,Antti RaantaGoaltender,1000000,28
NYR,Jesper FastRight Wing,1000000,28
NYR,Brady SkjeiDefenseman,925000,28
NYR,Jimmy VeseyLeft Wing,925000,28
NYR,Brandon HalversonGoaltender,742500,28
NYR,Cristoval NievesCenter,742500,28
NYR,Brendan SmithDefenseman,740296,28
NYR,Matt PuempelLeft Wing,700000,28
NYR,Oscar LindbergCenter,700000,28
NYR,Taylor BeckRight Wing,650000,28
NYR,Magnus HellbergGoaltender,650000,28
NYR,Steven KampferDefenseman,625000,28
NYR,Adam ClendeningDefenseman,600000,28
NYR,Marek HrivikLeft Wing,600000,28
NYR,Nicklas JensenRight Wing,600000,28
OTT,Dion PhaneufDefenseman,7500000,32
OTT,Bobby RyanRight Wing,7000000,32
OTT,Erik KarlssonDefenseman,7000000,32
OTT,Marc MethotDefenseman,4900000,32
OTT,Craig AndersonGoaltender,4750000,32
OTT,Clarke MacArthurLeft Wing,4500000,32
OTT,Kyle TurrisCenter,4000000,32
OTT,Mark StoneRight Wing,3750000,32
OTT,Mike HoffmanLeft Wing,3742361,32
OTT,Derick BrassardCenter,3000000,32
OTT,Zack SmithCenter,2350000,32
OTT,Cody CeciDefenseman,2250000,32
OTT,Tommy WingelsRight Wing,1732500,32
OTT,Chris NeilRight Wing,1500000,32
OTT,Andrew HammondGoaltender,1350000,32
OTT,Colin WhiteCenter,1110000,32
OTT,Mark BorowieckiDefenseman,1100000,32
OTT,Jean-Gabriel PageauCenter,1100000,32
OTT,Matthew O'ConnorGoaltender,925000,32
OTT,Thomas ChabotDefenseman,925000,32
OTT,Chris KellyCenter,900000,32
OTT,Casey BaileyRight Wing,874125,32
OTT,Tom PyattCenter,800000,32
OTT,Chris WidemanDefenseman,800000,32
OTT,Chris DriedgerGoaltender,780000,32
OTT,Ryan DzingelCenter,750000,32
OTT,Andreas EnglundDefenseman,742500,32
OTT,Mike BlundenRight Wing,725000,32
OTT,Alexandre BurrowsRight Wing,700014,32
OTT,Fredrik ClaessonDefenseman,700000,32
OTT,Phil VaroneCenter,700000,32
OTT,Nicholas PaulCenter,692500,32
OTT,Ben HarpurDefenseman,575000,32
OTT,Chris DiDomenicoCenter,575000,32
OTT,Michael CondonGoaltender,504652,32
OTT,Viktor StalbergLeft Wing,341653,32
OTT,Jyrki JokipakkaDefenseman,200000,32
PHI,Jakub VoracekRight Wing,10000000,14
PHI,Claude GirouxCenter,9000000,14
PHI,Brayden SchennCenter,6000000,14
PHI,Andrew MacDonaldDefenseman,4750000,14
PHI,Wayne SimmondsRight Wing,4300000,14
PHI,Steve MasonGoaltender,4100000,14
PHI,Michael Del ZottoDefenseman,4000000,14
PHI,Matt ReadRight Wing,4000000,14
PHI,Radko GudasDefenseman,4000000,14
PHI,Sean CouturierCenter,3750000,14
PHI,Dale WeiseRight Wing,2750000,14
PHI,Michael RafflLeft Wing,2350000,14
PHI,Nick SchultzDefenseman,2250000,14
PHI,Michal NeuvirthGoaltender,1750000,14
PHI,Valtteri FilppulaCenter,1111120,14
PHI,Brandon ManningDefenseman,950000,14
PHI,Boyd GordonCenter,950000,14
PHI,Shayne GostisbehereDefenseman,925000,14
PHI,Roman LyubimovCenter,925000,14
PHI,Mike VecchioneCenter,925000,14
PHI,Travis KonecnyCenter,925000,14
PHI,Ivan ProvorovDefenseman,925000,14
PHI,Robert HaggDefenseman,925000,14
PHI,Nick CousinsCenter,840000,14
PHI,Scott LaughtonCenter,832500,14
PHI,Samuel MorinDefenseman,832500,14
PHI,Taylor LeierLeft Wing,768150,14
PHI,Pierre-Edouard BellemareLeft Wing,725000,14
PHI,Chris VandeveldeCenter,725000,14
PHI,Jordan WealCenter,650000,14
PHI,Colin McDonaldRight Wing,625000,14
PIT,Sidney CrosbyCenter,10900000,8
PIT,Evgeni MalkinCenter,9500000,8
PIT,Philip KesselRight Wing,9000000,8
PIT,Kris LetangDefenseman,7250000,8
PIT,Marc-Andre FleuryGoaltender,5750000,8
PIT,Patric HornqvistRight Wing,4750000,8
PIT,Olli MaattaDefenseman,4083000,8
PIT,Chris KunitzLeft Wing,3850000,8
PIT,Carl HagelinLeft Wing,3667000,8
PIT,Pascal DupuisLeft Wing,3000000,8
PIT,Trevor DaleyDefenseman,2700000,8
PIT,Ian ColeDefenseman,2300000,8
PIT,Nick BoninoCenter,2100000,8
PIT,Justin SchultzDefenseman,1400000,8
PIT,Ron HainseyDefenseman,1250000,8
PIT,Matt CullenCenter,1000000,8
PIT,Derrick PouliotDefenseman,832500,8
PIT,Brian DumoulinDefenseman,800000,8
PIT,Oskar SundqvistCenter,792500,8
PIT,Jake GuentzelCenter,667500,8
PIT,Dominik SimonCenter,667500,8
PIT,Josh ArchibaldRight Wing,667500,8
PIT,Tom KuhnhacklRight Wing,625000,8
PIT,Bryan RustRight Wing,620000,8
PIT,Frank CorradoDefenseman,600000,8
PIT,Scott WilsonLeft Wing,590000,8
PIT,Conor ShearyLeft Wing,575000,8
PIT,Matthew MurrayGoaltender,575000,8
PIT,Carter RowneyCenter,575000,8
PIT,Jean-Sebastien DeaCenter,575000,8
PIT,Cameron GaunceDefenseman,575000,8
PIT,Kevin PorterLeft Wing,575000,8
PIT,Chad RuhwedelDefenseman,575000,8
PIT,Tom SestitoLeft Wing,575000,8
PIT,David WarsofskyDefenseman,575000,8
PIT,Tristan JarryGoaltender,550000,8
PIT,Mark StreitDefenseman,222220,8
SJS,Joe ThorntonCenter,6750000,16
SJS,Patrick MarleauLeft Wing,6500000,16
SJS,Mikkel BoedkerLeft Wing,6200000,16
SJS,Logan CoutureCenter,6000000,16
SJS,Joe PavelskiLeft Wing,6000000,16
SJS,Brent BurnsDefenseman,5760000,16
SJS,Paul MartinDefenseman,5000000,16
SJS,Marc-Edouard VlasicDefenseman,4250000,16
SJS,Justin BraunDefenseman,3800000,16
SJS,Joel WardRight Wing,3275000,16
SJS,Martin JonesGoaltender,3000000,16
SJS,Tomas HertlCenter,2800000,16
SJS,Brenden DillonDefenseman,2750000,16
SJS,David SchlemkoDefenseman,2500000,16
SJS,Melker KarlssonCenter,1850000,16
SJS,Jannik HansenRight Wing,1055560,16
SJS,Marcus SorensenRight Wing,1017500,16
SJS,Joonas DonskoiRight Wing,925000,16
SJS,Mirco MuellerDefenseman,832500,16
SJS,Tim HeedDefenseman,775000,16
SJS,Joakim RyanDefenseman,700000,16
SJS,Kevin LabancRight Wing,667500,16
SJS,Barclay GoodrowLeft Wing,635000,16
SJS,Micheal HaleyCenter,625000,16
SJS,Dylan DemeloDefenseman,600000,16
SJS,Ryan CarpenterCenter,593274,16
SJS,Aaron DellGoaltender,575000,16
SJS,Timo MeierLeft Wing,102436,16
SJS,Daniel O'ReganCenter,92500,16
STL,Vladimir TarasenkoRight Wing,8000000,7
STL,Paul StastnyCenter,7000000,7
STL,Alex PietrangeloDefenseman,7000000,7
STL,Alexander SteenLeft Wing,6500000,7
STL,Jay BouwmeesterDefenseman,5600000,7
STL,Jaden SchwartzLeft Wing,5250000,7
STL,Jori LehteraCenter,4400000,7
STL,David PerronLeft Wing,3750000,7
STL,Patrik BerglundCenter,3700000,7
STL,Carl GunnarssonDefenseman,2900000,7
STL,Vladimir SobotkaLeft Wing,2725000,7
STL,Nail YakupovRight Wing,2500000,7
STL,Jake AllenGoaltender,2200000,7
STL,Carter HuttonGoaltender,1250000,7
STL,Ryan ReavesRight Wing,1125000,7
STL,Robert BortuzzoDefenseman,1050000,7
STL,Dmitrij JaskinLeft Wing,1000000,7
STL,Kyle BrodziakRight Wing,1000000,7
STL,Jordan SchmaltzDefenseman,925000,7
STL,Robby FabbriCenter,925000,7
STL,Colton ParaykoDefenseman,925000,7
STL,Joel EdmundsonDefenseman,900000,7
STL,Scottie UpshallLeft Wing,900000,7
STL,Zach SanfordLeft Wing,875000,7
STL,Ivan BarbashevCenter,742500,7
STL,Magnus Paajarvi-SvenssonLeft Wing,700000,7
STL,Petteri LindbohmDefenseman,645000,7
STL,Kenneth AgostinoLeft Wing,625000,7
STL,Chris ButlerDefenseman,600000,7
STL,Luke OpilkaGoaltender,575000,7
STL,Wade MeganCenter,575000,7
TBL,Steven StamkosCenter,9500000,25
TBL,Ryan CallahanRight Wing,6500000,25
TBL,Anton StralmanDefenseman,4500000,25
TBL,Alexander KillornCenter,4450000,25
TBL,Nikita KucherovRight Wing,4250000,25
TBL,Victor HedmanDefenseman,4250000,25
TBL,Tyler JohnsonCenter,4000000,25
TBL,Ondrej PalatLeft Wing,4000000,25
TBL,Braydon CoburnDefenseman,3700000,25
TBL,Jason GarrisonDefenseman,3600000,25
TBL,Vladislav NamestnikovLeft Wing,1900000,25
TBL,Andrej SustrDefenseman,1600000,25
TBL,J.T. BrownRight Wing,1250000,25
TBL,Erik CondraLeft Wing,1250000,25
TBL,Andrei VasilevskiGoaltender,925000,25
TBL,Adam ErneLeft Wing,925000,25
TBL,Matthew PecaCenter,925000,25
TBL,Jonathan DrouinLeft Wing,832500,25
TBL,Slater KoekkoekDefenseman,832500,25
TBL,Cedric PaquetteCenter,800000,25
TBL,Greg McKeggCenter,700000,25
TBL,Brayden PointCenter,667500,25
TBL,Jake DotchinDefenseman,655000,25
TBL,Yanni GourdeCenter,600000,25
TBL,Michael BournivalLeft Wing,575000,25
TBL,Cory ConacherCenter,575000,25
TBL,Gabriel DumontCenter,575000,25
TBL,Byron FroeseCenter,575000,25
TBL,Kristers GudlevskisGoaltender,575000,25
TBL,Tanner RichardLeft Wing,575000,25
TBL,Matthew TaorminaDefenseman,575000,25
TBL,Joel VerminCenter,575000,25
TBL,Luke WitkowskiDefenseman,575000,25
TBL,Peter BudajGoaltender,143319,25
TOR,Nathan HortonRight Wing,6000000,1
TOR,Joffrey LupulRight Wing,5250000,1
TOR,Morgan RiellyDefenseman,5000000,1
TOR,Frederik AndersenGoaltender,5000000,1
TOR,Nazem KadriCenter,5000000,1
TOR,James Van RiemsdykLeft Wing,5000000,1
TOR,Tyler BozakCenter,4200000,1
TOR,Jake GardinerDefenseman,4050000,1
TOR,Brooks LaichCenter,4000000,1
TOR,Milan MichalekLeft Wing,4000000,1
TOR,Matt MartinLeft Wing,3500000,1
TOR,Colin GreeningCenter,3200000,1
TOR,Leo KomarovLeft Wing,2950000,1
TOR,Roman PolakDefenseman,2225000,1
TOR,Stephane RobidasDefenseman,2000000,1
TOR,William NylanderCenter,1682500,1
TOR,Martin MarincinDefenseman,1200000,1
TOR,Matt HunwickDefenseman,1200000,1
TOR,Mitchell MarnerCenter,1137500,1
TOR,Auston MatthewsCenter,925000,1
TOR,Nikita ZaitsevDefenseman,925000,1
TOR,Zach HymanCenter,925000,1
TOR,Kasperi KapanenRight Wing,925000,1
TOR,Frederik GauthierCenter,832500,1
TOR,Antoine BibeauGoaltender,800000,1
TOR,Nikita SoshnikovRight Wing,742500,1
TOR,Ben SmithRight Wing,675000,1
TOR,Connor CarrickDefenseman,650000,1
TOR,Alexei MarchenkoDefenseman,597215,1
TOR,Josh LeivoLeft Wing,575000,1
TOR,Garret SparksGoaltender,575000,1
TOR,Brian BoyleCenter,466662,1
TOR,Eric FehrCenter,444440,1
TOR,Curtis McElhinneyGoaltender,399960,1
VAN,Loui ErikssonRight Wing,8000000,53
VAN,Henrik SedinCenter,7000000,53
VAN,Daniel SedinLeft Wing,7000000,53
VAN,Ryan MillerGoaltender,6000000,53
VAN,Alexander EdlerDefenseman,6000000,53
VAN,Brandon SutterCenter,4250000,53
VAN,Luca SbisaDefenseman,3600000,53
VAN,Chris TanevDefenseman,3500000,53
VAN,Erik GudbransonDefenseman,3500000,53
VAN,Derek DorsettRight Wing,2500000,53
VAN,Jacob MarkstromGoaltender,1600000,53
VAN,Sven BaertschiLeft Wing,1500000,53
VAN,Brock BoeserRight Wing,1110000,53
VAN,Bo HorvatCenter,1045000,53
VAN,Philip LarsenDefenseman,1025000,53
VAN,Griffen MolinoCenter,1017500,53
VAN,Anton RodinRight Wing,950000,53
VAN,Thatcher DemkoGoaltender,925000,53
VAN,Michael GarteigGoaltender,925000,53
VAN,Troy StecherDefenseman,925000,53
VAN,Nikita TryamkinDefenseman,925000,53
VAN,Nikolay GoldobinRight Wing,925000,53
VAN,Yan Pavel LaplanteCenter,925000,53
VAN,Markus GranlundCenter,850000,53
VAN,Ben HuttonDefenseman,832500,53
VAN,Jake VirtanenLeft Wing,832500,53
VAN,Brendan GaunceCenter,832500,53
VAN,Jordan SubbanDefenseman,742500,53
VAN,Alex BiegaDefenseman,700000,53
VAN,Andrei PedanDefenseman,700000,53
VAN,Jack SkilleRight Wing,700000,53
VAN,Joseph LabateCenter,680000,53
VAN,Michael ZalewskiLeft Wing,632500,53
VAN,Alexandre GrenierLeft Wing,600000,53
VAN,Michael ChaputCenter,600000,53
VAN,Jayson MegnaCenter,600000,53
VAN,Drew ShoreCenter,600000,53
VAN,Evan McEnenyDefenseman,575000,53
VAN,Richard BachmanGoaltender,575000,53
VAN,Borna RendulicRight Wing,575000,53
VAN,Reid BoucherLeft Wing,377340,53
VAN,Joseph CramarossaCenter,165000,53
WSH,Alex OvechkinLeft Wing,10000000,5
WSH,Nicklas BackstromCenter,7000000,5
WSH,Braden HoltbyGoaltender,7000000,5
WSH,Matt NiskanenDefenseman,5750000,5
WSH,Brooks OrpikDefenseman,5500000,5
WSH,T.J. OshieRight Wing,4500000,5
WSH,Marcus JohanssonCenter,4250000,5
WSH,Lars EllerCenter,4250000,5
WSH,John CarlsonDefenseman,4000000,5
WSH,Evgeny KuznetsovCenter,3400000,5
WSH,Justin WilliamsRight Wing,3250000,5
WSH,Karl AlznerDefenseman,2800000,5
WSH,Dmitry OrlovDefenseman,2750000,5
WSH,Daniel WinnikCenter,1800000,5
WSH,Jay BeagleCenter,1750000,5
WSH,Kevin ShattenkirkDefenseman,1213338,5
WSH,Tom GilbertDefenseman,1120000,5
WSH,Chandler StephensonCenter,925000,5
WSH,Jakub VranaLeft Wing,925000,5
WSH,Nate SchmidtDefenseman,875000,5
WSH,Brett ConnollyRight Wing,850000,5
WSH,Andre BurakovskyLeft Wing,832500,5
WSH,Christian DjoosDefenseman,830000,5
WSH,Taylor ChorneyDefenseman,775000,5
WSH,Travis BoydLeft Wing,742500,5
WSH,Riley BarberRight Wing,667500,5
WSH,Liam O'BrienCenter,630000,5
WSH,Garrett MitchellRight Wing,600000,5
WSH,Aaron NessDefenseman,575000,5
WSH,Paul CareyCenter,575000,5
WPG,Dustin ByfuglienDefenseman,6000000,4
WPG,Blake WheelerRight Wing,5800000,4
WPG,Tobias EnstromDefenseman,5750000,4
WPG,Mark ScheifeleCenter,5000000,4
WPG,Bryan LittleCenter,5000000,4
WPG,Ondrej PavelecGoaltender,4750000,4
WPG,Tyler MyersDefenseman,4000000,4
WPG,Mathieu PerreaultCenter,3000000,4
WPG,Mark StuartDefenseman,2700000,4
WPG,Jacob TroubaDefenseman,2500000,4
WPG,Shawn MatthiasCenter,2125000,4
WPG,Chris ThorburnRight Wing,1200000,4
WPG,Jack RoslovicCenter,1110000,4
WPG,Michael HutchinsonGoaltender,1000000,4
WPG,Adam LowryLeft Wing,1000000,4
WPG,Kyle ConnorLeft Wing,925000,4
WPG,Andrew CoppCenter,925000,4
WPG,Marko DanoCenter,925000,4
WPG,Patrik LaineRight Wing,925000,4
WPG,Paul PostmaDefenseman,925000,4
WPG,Joel ArmiaRight Wing,875000,4
WPG,Brandon TanevCenter,874125,4
WPG,Ben ChiarotDefenseman,850000,4
WPG,Joshua MorrisseyDefenseman,832500,4
WPG,Nicolas PetanCenter,750000,4
WPG,Chase De LeoCenter,712500,4
WPG,Connor HellebuyckGoaltender,692500,4
WPG,Nelson NogierDefenseman,650000,4
WPG,Quinton HowdenLeft Wing,650000,4
WPG,Julian MelchioriDefenseman,600000,4
WPG,Brenden KichtonDefenseman,600000,4
WPG,Brian StraitDefenseman,600000,4
WPG,Eric ComrieGoaltender,575000,4
