home,tricode.home,tid.home,away,tricode.a,tid.away,X1,h,d,a,gid
Anaheim Ducks,ANA,21,Vancouver Canucks,VAN,53,80,-122,304,272,2892
Anaheim Ducks,ANA,21,Nashville Predators,NSH,19,97,168,286,129,2927
Anaheim Ducks,ANA,21,Columbus Blue Jackets,CBJ,52,112,-125,313,271,2957
Anaheim Ducks,ANA,21,Pittsburgh Penguins,PIT,8,145,192,281,117,3025
Anaheim Ducks,ANA,21,Arizona Coyotes,ARI,43,160,-137,316,305,3056
Anaheim Ducks,ANA,21,Calgary Flames,CGY,11,179,-139,332,291,3094
Anaheim Ducks,ANA,21,Edmonton Oilers,EDM,10,242,108,290,202,3220
Anaheim Ducks,ANA,21,New Jersey Devils,NJD,29,253,100,283,225,3241
Anaheim Ducks,ANA,21,Los Angeles Kings,LAK,41,275,-108,301,236,3284
Anaheim Ducks,ANA,21,New York Islanders,NYI,51,287,-112,305,243,3309
Anaheim Ducks,ANA,21,Chicago Blackhawks,CHI,6,305,133,281,168,3343
Anaheim Ducks,ANA,21,Montreal Canadiens,MTL,2,341,133,279,168,3416
Anaheim Ducks,ANA,21,Carolina Hurricanes,CAR,66,394,-104,294,235,3522
Anaheim Ducks,ANA,21,San Jose Sharks,SJS,16,410,163,267,141,3556
Anaheim Ducks,ANA,21,Ottawa Senators,OTT,32,421,-132,313,290,3579
Anaheim Ducks,ANA,21,San Jose Sharks,SJS,16,525,150,278,148,3789
Anaheim Ducks,ANA,21,Philadelphia Flyers,PHI,14,560,108,296,200,3859
Anaheim Ducks,ANA,21,Detroit Red Wings,DET,18,576,104,289,211,3890
Anaheim Ducks,ANA,21,Arizona Coyotes,ARI,43,589,-143,330,305,3916
Anaheim Ducks,ANA,21,Minnesota Wild,MIN,35,607,148,280,150,3951
Anaheim Ducks,ANA,21,Dallas Stars,DAL,46,618,104,290,215,3973
Anaheim Ducks,ANA,21,St. Louis Blues,STL,7,654,100,292,220,4044
Anaheim Ducks,ANA,21,Tampa Bay Lightning,TBL,25,670,-108,292,238,4074
Anaheim Ducks,ANA,21,Colorado Avalanche,COL,22,682,-172,351,372,4098
Anaheim Ducks,ANA,21,Edmonton Oilers,EDM,10,726,112,283,197,4179
Anaheim Ducks,ANA,21,Colorado Avalanche,COL,22,755,-164,341,351,4228
Anaheim Ducks,ANA,21,Florida Panthers,FLA,45,859,112,288,192,4428
Anaheim Ducks,ANA,21,Los Angeles Kings,LAK,41,880,120,271,189,4470
Anaheim Ducks,ANA,21,Boston Bruins,BOS,20,895,172,271,134,4500
Anaheim Ducks,ANA,21,Toronto Maple Leafs,TOR,1,953,106,291,208,4618
Anaheim Ducks,ANA,21,Vancouver Canucks,VAN,53,969,-154,329,341,4649
Anaheim Ducks,ANA,21,Nashville Predators,NSH,19,983,134,278,169,4675
Anaheim Ducks,ANA,21,Washington Capitals,WSH,5,1016,183,293,117,4742
Anaheim Ducks,ANA,21,St. Louis Blues,STL,7,1037,112,277,204,4787
Anaheim Ducks,ANA,21,Buffalo Sabres,BUF,17,1053,-143,323,313,4821
Anaheim Ducks,ANA,21,Edmonton Oilers,EDM,10,1089,140,283,158,4892
Anaheim Ducks,ANA,21,Winnipeg Jets,WPG,4,1105,-139,322,309,4925
Anaheim Ducks,ANA,21,New York Rangers,NYR,28,1122,123,288,177,4958
Anaheim Ducks,ANA,21,Calgary Flames,CGY,11,1192,112,285,199,5096
Anaheim Ducks,ANA,21,Chicago Blackhawks,CHI,6,1206,117,291,188,5124
Anaheim Ducks,ANA,21,Los Angeles Kings,LAK,41,1232,-108,311,231,5177
Anaheim Ducks,ANA,21,Calgary Flames,CGY,11,1241,-103,295,231,5262
Anaheim Ducks,ANA,21,Calgary Flames,CGY,11,1249,104,293,215,5265
Anaheim Ducks,ANA,21,Edmonton Oilers,EDM,10,1277,121,283,187,5328
Anaheim Ducks,ANA,21,Edmonton Oilers,EDM,10,1281,118,272,198,5331
Anaheim Ducks,ANA,21,Edmonton Oilers,EDM,10,1293,119,286,187,5337
Anaheim Ducks,ANA,21,Edmonton Oilers,EDM,10,1301,131,280,172,5342
Anaheim Ducks,ANA,21,Nashville Predators,NSH,19,1302,141,275,165,5359
Anaheim Ducks,ANA,21,Nashville Predators,NSH,19,1304,127,283,179,5361
Anaheim Ducks,ANA,21,Nashville Predators,NSH,19,1310,116,285,200,5366
Arizona Coyotes,ARI,43,Philadelphia Flyers,PHI,14,28,145,287,150,2788
Arizona Coyotes,ARI,43,Colorado Avalanche,COL,22,120,140,291,160,2974
Arizona Coyotes,ARI,43,San Jose Sharks,SJS,16,141,250,308,-116,3017
Arizona Coyotes,ARI,43,Nashville Predators,NSH,19,155,204,290,108,3045
Arizona Coyotes,ARI,43,Winnipeg Jets,WPG,4,205,177,296,121,3144
Arizona Coyotes,ARI,43,Boston Bruins,BOS,20,221,218,300,-102,3177
Arizona Coyotes,ARI,43,San Jose Sharks,SJS,16,269,244,300,-112,3272
Arizona Coyotes,ARI,43,Vancouver Canucks,VAN,53,298,142,280,156,3329
Arizona Coyotes,ARI,43,Edmonton Oilers,EDM,10,312,223,297,-102,3444
Arizona Coyotes,ARI,43,Columbus Blue Jackets,CBJ,52,368,221,292,100,3470
Arizona Coyotes,ARI,43,Calgary Flames,CGY,11,403,189,278,120,3542
Arizona Coyotes,ARI,43,Nashville Predators,NSH,19,418,245,296,-110,3573
Arizona Coyotes,ARI,43,Calgary Flames,CGY,11,479,200,287,110,3697
Arizona Coyotes,ARI,43,Edmonton Oilers,EDM,10,493,229,300,-104,3725
Arizona Coyotes,ARI,43,Toronto Maple Leafs,TOR,1,514,183,294,118,3767
Arizona Coyotes,ARI,43,Dallas Stars,DAL,46,524,186,292,117,3787
Arizona Coyotes,ARI,43,New York Rangers,NYR,28,542,214,289,104,3823
Arizona Coyotes,ARI,43,New York Islanders,NYI,51,599,193,295,112,3935
Arizona Coyotes,ARI,43,Winnipeg Jets,WPG,4,638,195,289,114,4012
Arizona Coyotes,ARI,43,Anaheim Ducks,ANA,21,647,274,297,-116,4028
Arizona Coyotes,ARI,43,Tampa Bay Lightning,TBL,25,697,225,289,-101,4126
Arizona Coyotes,ARI,43,Florida Panthers,FLA,45,712,181,278,125,4153
Arizona Coyotes,ARI,43,Vancouver Canucks,VAN,53,738,139,274,161,4201
Arizona Coyotes,ARI,43,Los Angeles Kings,LAK,41,754,220,281,102,4226
Arizona Coyotes,ARI,43,Chicago Blackhawks,CHI,6,766,222,300,-103,4248
Arizona Coyotes,ARI,43,Montreal Canadiens,MTL,2,814,244,320,-118,4339
Arizona Coyotes,ARI,43,Pittsburgh Penguins,PIT,8,828,287,322,-135,4367
Arizona Coyotes,ARI,43,San Jose Sharks,SJS,16,868,236,305,-110,4446
Arizona Coyotes,ARI,43,Anaheim Ducks,ANA,21,883,189,285,114,4476
Arizona Coyotes,ARI,43,Buffalo Sabres,BUF,17,920,159,281,141,4551
Arizona Coyotes,ARI,43,Carolina Hurricanes,CAR,66,970,183,287,120,4651
Arizona Coyotes,ARI,43,Ottawa Senators,OTT,32,993,187,276,122,4695
Arizona Coyotes,ARI,43,New Jersey Devils,NJD,29,1010,146,273,156,4729
Arizona Coyotes,ARI,43,Colorado Avalanche,COL,22,1025,121,277,188,4759
Arizona Coyotes,ARI,43,Detroit Red Wings,DET,18,1047,145,278,152,4808
Arizona Coyotes,ARI,43,St. Louis Blues,STL,7,1061,229,294,-104,4836
Arizona Coyotes,ARI,43,St. Louis Blues,STL,7,1143,296,321,-135,4997
Arizona Coyotes,ARI,43,Washington Capitals,WSH,5,1159,429,372,-200,5030
Arizona Coyotes,ARI,43,Vancouver Canucks,VAN,53,1205,161,275,141,5122
Arizona Coyotes,ARI,43,Minnesota Wild,MIN,35,1221,225,307,-105,5154
Boston Bruins,BOS,20,New Jersey Devils,NJD,29,53,-102,294,225,2833
Boston Bruins,BOS,20,Montreal Canadiens,MTL,2,70,154,288,139,2862
Boston Bruins,BOS,20,Minnesota Wild,MIN,35,85,167,290,129,2898
Boston Bruins,BOS,20,New York Rangers,NYR,28,169,154,277,147,3060
Boston Bruins,BOS,20,Buffalo Sabres,BUF,17,181,-110,320,233,3096
Boston Bruins,BOS,20,Columbus Blue Jackets,CBJ,52,198,-112,296,252,3127
Boston Bruins,BOS,20,Winnipeg Jets,WPG,4,266,-110,305,240,3258
Boston Bruins,BOS,20,St. Louis Blues,STL,7,284,116,281,193,3301
Boston Bruins,BOS,20,Calgary Flames,CGY,11,310,104,281,221,3351
Boston Bruins,BOS,20,Tampa Bay Lightning,TBL,25,323,121,277,188,3379
Boston Bruins,BOS,20,Carolina Hurricanes,CAR,66,348,-115,288,262,3425
Boston Bruins,BOS,20,Florida Panthers,FLA,45,381,100,282,224,3491
Boston Bruins,BOS,20,Colorado Avalanche,COL,22,397,-116,299,262,3526
Boston Bruins,BOS,20,Toronto Maple Leafs,TOR,1,417,110,298,194,3562
Boston Bruins,BOS,20,Anaheim Ducks,ANA,21,446,147,282,150,3628
Boston Bruins,BOS,20,Los Angeles Kings,LAK,41,470,118,276,192,3677
Boston Bruins,BOS,20,New York Islanders,NYI,51,483,-114,308,246,3700
Boston Bruins,BOS,20,Buffalo Sabres,BUF,17,548,-133,311,299,3833
Boston Bruins,BOS,20,Edmonton Oilers,EDM,10,578,106,288,209,3892
Boston Bruins,BOS,20,Philadelphia Flyers,PHI,14,639,-114,295,257,4014
Boston Bruins,BOS,20,New York Islanders,NYI,51,656,-139,322,304,4046
Boston Bruins,BOS,20,Chicago Blackhawks,CHI,6,686,102,291,217,4102
Boston Bruins,BOS,20,Detroit Red Wings,DET,18,716,-135,312,303,4155
Boston Bruins,BOS,20,Pittsburgh Penguins,PIT,8,731,125,300,168,4181
Boston Bruins,BOS,20,Toronto Maple Leafs,TOR,1,780,102,305,209,4267
Boston Bruins,BOS,20,San Jose Sharks,SJS,16,809,133,288,162,4320
Boston Bruins,BOS,20,Vancouver Canucks,VAN,53,819,-143,309,322,4345
Boston Bruins,BOS,20,Montreal Canadiens,MTL,2,835,119,295,179,4379
Boston Bruins,BOS,20,Arizona Coyotes,ARI,43,927,-213,386,454,4559
Boston Bruins,BOS,20,New York Rangers,NYR,28,942,106,304,202,4587
Boston Bruins,BOS,20,New Jersey Devils,NJD,29,959,-147,330,322,4620
Boston Bruins,BOS,20,Detroit Red Wings,DET,18,986,-185,357,395,4678
Boston Bruins,BOS,20,Philadelphia Flyers,PHI,14,1002,-125,304,282,4713
Boston Bruins,BOS,20,Ottawa Senators,OTT,32,1079,-111,293,252,4866
Boston Bruins,BOS,20,Tampa Bay Lightning,TBL,25,1091,-125,305,277,4895
Boston Bruins,BOS,20,Nashville Predators,NSH,19,1133,-104,289,236,4970
Boston Bruins,BOS,20,Dallas Stars,DAL,46,1148,-145,326,322,4999
Boston Bruins,BOS,20,Florida Panthers,FLA,45,1160,-167,337,362,5032
Boston Bruins,BOS,20,Tampa Bay Lightning,TBL,25,1184,102,295,218,5076
Boston Bruins,BOS,20,Ottawa Senators,OTT,32,1200,-125,305,281,5106
Boston Bruins,BOS,20,Washington Capitals,WSH,5,1212,136,281,166,5136
Boston Bruins,BOS,20,Ottawa Senators,OTT,32,1255,-103,286,238,5201
Boston Bruins,BOS,20,Ottawa Senators,OTT,32,1262,-101,287,233,5203
Boston Bruins,BOS,20,Ottawa Senators,OTT,32,1274,110,271,211,5208
Buffalo Sabres,BUF,17,Montreal Canadiens,MTL,2,7,181,287,121,2742
Buffalo Sabres,BUF,17,Minnesota Wild,MIN,35,100,190,298,112,2929
Buffalo Sabres,BUF,17,Florida Panthers,FLA,45,113,198,283,112,2960
Buffalo Sabres,BUF,17,Toronto Maple Leafs,TOR,1,149,158,273,145,3027
Buffalo Sabres,BUF,17,Ottawa Senators,OTT,32,194,123,285,181,3123
Buffalo Sabres,BUF,17,New Jersey Devils,NJD,29,207,142,280,156,3146
Buffalo Sabres,BUF,17,Tampa Bay Lightning,TBL,25,246,196,287,110,3226
Buffalo Sabres,BUF,17,Pittsburgh Penguins,PIT,8,265,243,313,-114,3260
Buffalo Sabres,BUF,17,Calgary Flames,CGY,11,278,125,281,177,3286
Buffalo Sabres,BUF,17,Detroit Red Wings,DET,18,293,166,268,139,3311
Buffalo Sabres,BUF,17,New York Rangers,NYR,28,347,184,279,121,3427
Buffalo Sabres,BUF,17,Boston Bruins,BOS,20,361,173,276,131,3452
Buffalo Sabres,BUF,17,Edmonton Oilers,EDM,10,385,185,282,121,3500
Buffalo Sabres,BUF,17,Washington Capitals,WSH,5,405,183,278,123,3546
Buffalo Sabres,BUF,17,Los Angeles Kings,LAK,41,434,177,276,125,3599
Buffalo Sabres,BUF,17,New York Islanders,NYI,51,454,106,289,209,3643
Buffalo Sabres,BUF,17,Carolina Hurricanes,CAR,66,496,139,274,164,3727
Buffalo Sabres,BUF,17,Boston Bruins,BOS,20,532,206,286,108,3801
Buffalo Sabres,BUF,17,Winnipeg Jets,WPG,4,591,158,282,140,3918
Buffalo Sabres,BUF,17,Philadelphia Flyers,PHI,14,613,156,281,141,3960
Buffalo Sabres,BUF,17,Dallas Stars,DAL,46,655,164,284,134,4048
Buffalo Sabres,BUF,17,Detroit Red Wings,DET,18,685,138,278,163,4104
Buffalo Sabres,BUF,17,New York Rangers,NYR,28,762,177,289,122,4237
Buffalo Sabres,BUF,17,Ottawa Senators,OTT,32,779,139,281,156,4269
Buffalo Sabres,BUF,17,San Jose Sharks,SJS,16,795,227,303,-108,4296
Buffalo Sabres,BUF,17,Anaheim Ducks,ANA,21,808,159,281,138,4322
Buffalo Sabres,BUF,17,Vancouver Canucks,VAN,53,834,108,282,204,4381
Buffalo Sabres,BUF,17,Colorado Avalanche,COL,22,852,-105,298,229,4408
Buffalo Sabres,BUF,17,St. Louis Blues,STL,7,860,164,277,135,4430
Buffalo Sabres,BUF,17,Chicago Blackhawks,CHI,6,876,185,286,118,4458
Buffalo Sabres,BUF,17,Nashville Predators,NSH,19,926,186,296,116,4561
Buffalo Sabres,BUF,17,Arizona Coyotes,ARI,43,941,-115,307,250,4589
Buffalo Sabres,BUF,17,Tampa Bay Lightning,TBL,25,958,154,283,142,4622
Buffalo Sabres,BUF,17,Columbus Blue Jackets,CBJ,52,1008,206,291,108,4717
Buffalo Sabres,BUF,17,Pittsburgh Penguins,PIT,8,1078,248,313,-116,4868
Buffalo Sabres,BUF,17,Toronto Maple Leafs,TOR,1,1114,204,296,106,4931
Buffalo Sabres,BUF,17,Florida Panthers,FLA,45,1125,166,282,133,4960
Buffalo Sabres,BUF,17,New York Islanders,NYI,51,1169,121,285,181,5050
Buffalo Sabres,BUF,17,Toronto Maple Leafs,TOR,1,1180,234,304,-108,5069
Buffalo Sabres,BUF,17,Montreal Canadiens,MTL,2,1195,206,294,106,5102
Carolina Hurricanes,CAR,66,New York Rangers,NYR,28,108,181,278,124,2950
Carolina Hurricanes,CAR,66,Philadelphia Flyers,PHI,14,125,117,288,189,2984
Carolina Hurricanes,CAR,66,New Jersey Devils,NJD,29,176,116,286,190,3088
Carolina Hurricanes,CAR,66,Anaheim Ducks,ANA,21,197,154,290,140,3131
Carolina Hurricanes,CAR,66,Washington Capitals,WSH,5,219,204,286,108,3171
Carolina Hurricanes,CAR,66,San Jose Sharks,SJS,16,232,200,300,106,3198
Carolina Hurricanes,CAR,66,Montreal Canadiens,MTL,2,258,137,294,159,3250
Carolina Hurricanes,CAR,66,Winnipeg Jets,WPG,4,272,108,303,196,3280
Carolina Hurricanes,CAR,66,Florida Panthers,FLA,45,325,144,281,154,3384
Carolina Hurricanes,CAR,66,Tampa Bay Lightning,TBL,25,372,147,276,152,3476
Carolina Hurricanes,CAR,66,Vancouver Canucks,VAN,53,433,-125,301,283,3605
Carolina Hurricanes,CAR,66,Washington Capitals,WSH,5,456,161,279,137,3650
Carolina Hurricanes,CAR,66,Buffalo Sabres,BUF,17,466,104,287,210,3669
Carolina Hurricanes,CAR,66,Boston Bruins,BOS,6,543,143,278,156,3759
Carolina Hurricanes,CAR,66,Chicago Blackhawks,CHI,29,567,127,285,174,3825
Carolina Hurricanes,CAR,66,New Jersey Devils,NJD,20,603,-111,290,250,3871
Carolina Hurricanes,CAR,66,Boston Bruins,BOS,52,612,120,266,194,3943
Carolina Hurricanes,CAR,66,Columbus Blue Jackets,CBJ,17,635,131,292,163,3962
Carolina Hurricanes,CAR,66,Buffalo Sabres,BUF,51,645,-125,299,287,4008
Carolina Hurricanes,CAR,66,New York Islanders,NYI,8,684,-102,297,224,4026
Carolina Hurricanes,CAR,66,Pittsburgh Penguins,PIT,41,730,169,300,125,4105
Carolina Hurricanes,CAR,66,Los Angeles Kings,LAK,14,746,129,277,174,4188
Carolina Hurricanes,CAR,66,Philadelphia Flyers,PHI,10,770,123,286,177,4211
Carolina Hurricanes,CAR,66,Edmonton Oilers,EDM,22,858,122,282,179,4259
Carolina Hurricanes,CAR,66,Colorado Avalanche,COL,1,877,-175,358,367,4426
Carolina Hurricanes,CAR,66,Toronto Maple Leafs,TOR,8,886,108,301,197,4464
Carolina Hurricanes,CAR,66,Pittsburgh Penguins,PIT,32,904,192,305,104,4481
Carolina Hurricanes,CAR,66,Ottawa Senators,OTT,11,915,123,276,185,4518
Carolina Hurricanes,CAR,66,Calgary Flames,CGY,43,949,127,294,170,4541
Carolina Hurricanes,CAR,66,Arizona Coyotes,ARI,28,987,-147,323,336,4609
Carolina Hurricanes,CAR,66,New York Rangers,NYR,1,1007,164,284,135,4683
Carolina Hurricanes,CAR,66,Toronto Maple Leafs,TOR,51,1027,150,285,145,4722
Carolina Hurricanes,CAR,66,New York Islanders,NYI,35,1042,140,295,152,4767
Carolina Hurricanes,CAR,66,Minnesota Wild,MIN,19,1060,199,294,110,4795
Carolina Hurricanes,CAR,66,Nashville Predators,NSH,18,1124,177,293,122,4832
Carolina Hurricanes,CAR,66,Detroit Red Wings,DET,18,1132,-112,316,239,4974
Carolina Hurricanes,CAR,66,Detroit Red Wings,DET,52,1145,-118,316,252,3691
Carolina Hurricanes,CAR,66,Columbus Blue Jackets,CBJ,46,1166,145,282,150,5004
Carolina Hurricanes,CAR,66,Dallas Stars,DAL,51,1199,-109,305,235,5042
Carolina Hurricanes,CAR,66,New York Islanders,NYI,7,1219,116,293,188,5110
Carolina Hurricanes,CAR,66,St. Louis Blues,STL,,,171,286,129,5147
Columbus Blue Jackets,CBJ,52,Boston Bruins,BOS,20,6,123,289,177,2748
Columbus Blue Jackets,CBJ,52,San Jose Sharks,SJS,16,20,204,305,102,2778
Columbus Blue Jackets,CBJ,52,Chicago Blackhawks,CHI,6,63,161,308,129,2858
Columbus Blue Jackets,CBJ,52,Dallas Stars,DAL,46,132,138,286,158,3001
Columbus Blue Jackets,CBJ,52,Montreal Canadiens,MTL,2,158,156,282,143,3051
Columbus Blue Jackets,CBJ,52,Anaheim Ducks,ANA,21,193,164,304,129,3121
Columbus Blue Jackets,CBJ,52,St. Louis Blues,STL,7,218,173,283,127,3174
Columbus Blue Jackets,CBJ,52,Washington Capitals,WSH,5,231,174,301,121,3200
Columbus Blue Jackets,CBJ,52,New York Rangers,NYR,28,257,188,289,117,3249
Columbus Blue Jackets,CBJ,52,Colorado Avalanche,COL,22,277,117,299,181,3290
Columbus Blue Jackets,CBJ,52,Calgary Flames,CGY,11,292,-110,301,241,3320
Columbus Blue Jackets,CBJ,52,Tampa Bay Lightning,TBL,25,331,133,280,167,3400
Columbus Blue Jackets,CBJ,52,Arizona Coyotes,ARI,43,380,-156,340,334,3498
Columbus Blue Jackets,CBJ,52,New York Islanders,NYI,51,416,102,293,215,3571
Columbus Blue Jackets,CBJ,52,Los Angeles Kings,LAK,41,482,127,278,175,3706
Columbus Blue Jackets,CBJ,52,Pittsburgh Penguins,PIT,8,495,148,292,146,3731
Columbus Blue Jackets,CBJ,52,Montreal Canadiens,MTL,2,508,-101,309,214,3755
Columbus Blue Jackets,CBJ,52,Boston Bruins,BOS,20,519,125,278,179,3777
Columbus Blue Jackets,CBJ,52,Edmonton Oilers,EDM,10,566,-106,304,229,3873
Columbus Blue Jackets,CBJ,52,New York Rangers,NYR,28,597,124,297,173,3931
Columbus Blue Jackets,CBJ,52,Philadelphia Flyers,PHI,14,604,-106,296,235,3945
Columbus Blue Jackets,CBJ,52,Carolina Hurricanes,CAR,66,663,100,305,212,4061
Columbus Blue Jackets,CBJ,52,Ottawa Senators,OTT,32,677,-132,317,289,4088
Columbus Blue Jackets,CBJ,52,Carolina Hurricanes,CAR,66,691,-130,312,285,4115
Columbus Blue Jackets,CBJ,52,New Jersey Devils,NJD,29,778,-133,320,289,4274
Columbus Blue Jackets,CBJ,52,Vancouver Canucks,VAN,53,807,-139,321,297,4330
Columbus Blue Jackets,CBJ,52,Detroit Red Wings,DET,18,822,-119,317,254,4354
Columbus Blue Jackets,CBJ,52,New York Rangers,NYR,28,836,118,309,173,4383
Columbus Blue Jackets,CBJ,52,Toronto Maple Leafs,TOR,1,845,100,318,200,4400
Columbus Blue Jackets,CBJ,52,Pittsburgh Penguins,PIT,8,857,127,308,160,4424
Columbus Blue Jackets,CBJ,52,Nashville Predators,NSH,19,875,106,288,204,4462
Columbus Blue Jackets,CBJ,52,New York Islanders,NYI,51,909,102,300,212,4533
Columbus Blue Jackets,CBJ,52,Minnesota Wild,MIN,35,940,127,297,165,4595
Columbus Blue Jackets,CBJ,52,New Jersey Devils,NJD,29,975,-175,357,370,4662
Columbus Blue Jackets,CBJ,52,Buffalo Sabres,BUF,17,997,-145,326,315,4703
Columbus Blue Jackets,CBJ,52,Florida Panthers,FLA,45,1041,-109,304,238,4797
Columbus Blue Jackets,CBJ,52,Toronto Maple Leafs,TOR,1,1087,112,305,187,4888
Columbus Blue Jackets,CBJ,52,Philadelphia Flyers,PHI,14,1107,-110,300,243,4928
Columbus Blue Jackets,CBJ,52,Buffalo Sabres,BUF,17,1131,-172,359,367,4976
Columbus Blue Jackets,CBJ,52,Washington Capitals,WSH,5,1174,166,278,135,5056
Columbus Blue Jackets,CBJ,52,Winnipeg Jets,WPG,4,1198,-110,319,231,5112
Columbus Blue Jackets,CBJ,52,Pittsburgh Penguins,PIT,8,1251,135,279,169,5231
Columbus Blue Jackets,CBJ,52,Pittsburgh Penguins,PIT,8,1259,175,285,127,5233
Calgary Flames,CGY,11,Buffalo Sabres,BUF,17,47,102,304,208,2823
Calgary Flames,CGY,11,Carolina Hurricanes,CAR,66,60,112,292,192,2850
Calgary Flames,CGY,11,St. Louis Blues,STL,7,76,181,295,118,2882
Calgary Flames,CGY,11,Ottawa Senators,OTT,32,110,125,297,170,2953
Calgary Flames,CGY,11,Washington Capitals,WSH,5,130,200,301,106,2995
Calgary Flames,CGY,11,Dallas Stars,DAL,46,204,125,289,175,3142
Calgary Flames,CGY,11,New York Rangers,NYR,28,222,202,297,106,3180
Calgary Flames,CGY,11,Arizona Coyotes,ARI,43,244,136,284,159,3224
Calgary Flames,CGY,11,Chicago Blackhawks,CHI,6,259,224,300,-104,3252
Calgary Flames,CGY,11,Toronto Maple Leafs,TOR,1,343,154,290,140,3421
Calgary Flames,CGY,11,Minnesota Wild,MIN,35,357,200,278,114,3448
Calgary Flames,CGY,11,Anaheim Ducks,ANA,21,377,131,278,173,3484
Calgary Flames,CGY,11,Winnipeg Jets,WPG,4,419,129,278,174,3575
Calgary Flames,CGY,11,Tampa Bay Lightning,TBL,25,443,124,298,172,3624
Calgary Flames,CGY,11,Columbus Blue Jackets,CBJ,52,458,179,279,125,3654
Calgary Flames,CGY,11,Vancouver Canucks,VAN,53,513,-118,299,262,3765
Calgary Flames,CGY,11,Anaheim Ducks,ANA,21,541,148,283,149,3819
Calgary Flames,CGY,11,Arizona Coyotes,ARI,43,556,-125,311,274,3849
Calgary Flames,CGY,11,Colorado Avalanche,COL,22,575,-130,319,280,3887
Calgary Flames,CGY,11,Vancouver Canucks,VAN,53,600,-127,305,282,3937
Calgary Flames,CGY,11,San Jose Sharks,SJS,16,622,137,274,164,3981
Calgary Flames,CGY,11,New Jersey Devils,NJD,29,637,-139,305,316,4010
Calgary Flames,CGY,11,Florida Panthers,FLA,45,668,121,275,187,4071
Calgary Flames,CGY,11,Nashville Predators,NSH,19,681,131,277,170,4096
Calgary Flames,CGY,11,Edmonton Oilers,EDM,10,699,106,289,208,4130
Calgary Flames,CGY,11,Minnesota Wild,MIN,35,758,169,278,131,4233
Calgary Flames,CGY,11,Arizona Coyotes,ARI,43,837,-133,320,285,4384
Calgary Flames,CGY,11,Philadelphia Flyers,PHI,14,847,125,291,172,4404
Calgary Flames,CGY,11,Los Angeles Kings,LAK,41,933,148,276,152,4577
Calgary Flames,CGY,11,Detroit Red Wings,DET,18,952,-101,295,225,4616
Calgary Flames,CGY,11,New York Islanders,NYI,51,964,122,285,179,4639
Calgary Flames,CGY,11,Montreal Canadiens,MTL,2,992,119,280,189,4693
Calgary Flames,CGY,11,Pittsburgh Penguins,PIT,8,1022,144,301,145,4754
Calgary Flames,CGY,11,Boston Bruins,BOS,20,1035,160,287,137,4783
Calgary Flames,CGY,11,Dallas Stars,DAL,46,1052,-135,328,290,4819
Calgary Flames,CGY,11,Los Angeles Kings,LAK,41,1070,145,271,156,4854
Calgary Flames,CGY,11,Colorado Avalanche,COL,22,1128,-196,367,423,4968
Calgary Flames,CGY,11,Los Angeles Kings,LAK,41,1141,112,271,208,4992
Calgary Flames,CGY,11,San Jose Sharks,SJS,16,1157,125,282,179,5026
Calgary Flames,CGY,11,Anaheim Ducks,ANA,21,1177,108,283,209,5065
Calgary Flames,CGY,11,Anaheim Ducks,ANA,21,1257,127,274,179,5267
Calgary Flames,CGY,11,Anaheim Ducks,ANA,21,1264,137,281,163,5269
Chicago Blackhawks,CHI,6,St. Louis Blues,STL,7,2,129,280,172,2736
Chicago Blackhawks,CHI,6,Nashville Predators,NSH,19,26,118,286,185,2784
Chicago Blackhawks,CHI,6,Philadelphia Flyers,PHI,14,45,100,305,213,2821
Chicago Blackhawks,CHI,6,Toronto Maple Leafs,TOR,1,72,102,305,204,2875
Chicago Blackhawks,CHI,6,Calgary Flames,CGY,11,82,-125,309,262,2896
Chicago Blackhawks,CHI,6,Los Angeles Kings,LAK,41,128,-106,317,224,2991
Chicago Blackhawks,CHI,6,Calgary Flames,CGY,11,139,-102,304,219,3013
Chicago Blackhawks,CHI,6,Colorado Avalanche,COL,22,154,-110,291,252,3041
Chicago Blackhawks,CHI,6,Dallas Stars,DAL,46,178,102,311,202,3092
Chicago Blackhawks,CHI,6,Washington Capitals,WSH,5,209,181,280,124,3153
Chicago Blackhawks,CHI,6,Montreal Canadiens,MTL,2,227,-106,299,231,3188
Chicago Blackhawks,CHI,6,Florida Panthers,FLA,45,336,122,282,181,3408
Chicago Blackhawks,CHI,6,New Jersey Devils,NJD,29,353,102,281,222,3441
Chicago Blackhawks,CHI,6,Winnipeg Jets,WPG,4,375,102,292,210,3482
Chicago Blackhawks,CHI,6,Arizona Coyotes,ARI,43,390,-137,326,297,3514
Chicago Blackhawks,CHI,6,New York Rangers,NYR,28,409,118,274,193,3554
Chicago Blackhawks,CHI,6,Dallas Stars,DAL,46,427,117,290,188,3591
Chicago Blackhawks,CHI,6,San Jose Sharks,SJS,16,474,166,284,133,3685
Chicago Blackhawks,CHI,6,Ottawa Senators,OTT,32,489,-106,300,231,3715
Chicago Blackhawks,CHI,6,Colorado Avalanche,COL,22,512,-185,357,388,3761
Chicago Blackhawks,CHI,6,Winnipeg Jets,WPG,4,522,102,299,209,3783
Chicago Blackhawks,CHI,6,Buffalo Sabres,BUF,17,581,-115,301,256,3901
Chicago Blackhawks,CHI,6,Carolina Hurricanes,CAR,66,586,106,286,206,3910
Chicago Blackhawks,CHI,6,Nashville Predators,NSH,19,606,102,291,214,3949
Chicago Blackhawks,CHI,6,Detroit Red Wings,DET,18,616,-119,304,260,3969
Chicago Blackhawks,CHI,6,Minnesota Wild,MIN,35,653,138,284,160,4040
Chicago Blackhawks,CHI,6,Vancouver Canucks,VAN,53,705,-132,305,296,4141
Chicago Blackhawks,CHI,6,Tampa Bay Lightning,TBL,25,722,102,287,216,4170
Chicago Blackhawks,CHI,6,Winnipeg Jets,WPG,4,737,-101,292,225,4197
Chicago Blackhawks,CHI,6,Edmonton Oilers,EDM,10,865,106,296,200,4441
Chicago Blackhawks,CHI,6,Arizona Coyotes,ARI,43,900,-175,361,369,4510
Chicago Blackhawks,CHI,6,St. Louis Blues,STL,7,919,108,293,202,4549
Chicago Blackhawks,CHI,6,Pittsburgh Penguins,PIT,8,937,114,298,189,4585
Chicago Blackhawks,CHI,6,New York Islanders,NYI,51,951,-123,319,267,4614
Chicago Blackhawks,CHI,6,Anaheim Ducks,ANA,21,990,-110,301,245,4689
Chicago Blackhawks,CHI,6,Minnesota Wild,MIN,35,1013,131,283,169,4738
Chicago Blackhawks,CHI,6,Colorado Avalanche,COL,22,1067,-227,399,484,4850
Chicago Blackhawks,CHI,6,Vancouver Canucks,VAN,53,1085,-172,358,366,4884
Chicago Blackhawks,CHI,6,Dallas Stars,DAL,46,1099,-141,325,301,4913
Chicago Blackhawks,CHI,6,Columbus Blue Jackets,CBJ,52,1155,108,288,204,5022
Chicago Blackhawks,CHI,6,Boston Bruins,BOS,20,1168,118,281,189,5048
Chicago Blackhawks,CHI,6,Nashville Predators,NSH,19,1240,-108,301,239,5238
Chicago Blackhawks,CHI,6,Nashville Predators,NSH,19,1248,-112,308,248,5240
Colorado Avalanche,COL,22,Dallas Stars,DAL,46,27,161,298,131,2785
Colorado Avalanche,COL,22,Winnipeg Jets,WPG,4,109,-111,308,237,2952
Colorado Avalanche,COL,22,Nashville Predators,NSH,19,140,144,284,152,3015
Colorado Avalanche,COL,22,Minnesota Wild,MIN,35,161,152,277,149,3058
Colorado Avalanche,COL,22,Arizona Coyotes,ARI,43,192,100,298,219,3119
Colorado Avalanche,COL,22,Winnipeg Jets,WPG,4,211,116,293,189,3155
Colorado Avalanche,COL,22,Boston Bruins,BOS,20,226,161,287,135,3190
Colorado Avalanche,COL,22,Los Angeles Kings,LAK,41,240,168,283,131,3215
Colorado Avalanche,COL,22,Edmonton Oilers,EDM,10,297,179,284,124,3327
Colorado Avalanche,COL,22,Vancouver Canucks,VAN,53,319,-104,287,236,3374
Colorado Avalanche,COL,22,Nashville Predators,NSH,19,338,179,278,125,3410
Colorado Avalanche,COL,22,Columbus Blue Jackets,CBJ,52,354,177,280,125,3442
Colorado Avalanche,COL,22,Dallas Stars,DAL,46,369,146,289,147,3473
Colorado Avalanche,COL,22,Philadelphia Flyers,PHI,14,444,173,294,125,3626
Colorado Avalanche,COL,22,Florida Panthers,FLA,45,457,144,278,162,3652
Colorado Avalanche,COL,22,Toronto Maple Leafs,TOR,1,502,196,293,110,3743
Colorado Avalanche,COL,22,Calgary Flames,CGY,11,523,185,287,120,3785
Colorado Avalanche,COL,22,New York Rangers,NYR,28,554,242,304,-112,3847
Colorado Avalanche,COL,22,New York Islanders,NYI,51,587,204,300,104,3912
Colorado Avalanche,COL,22,Anaheim Ducks,ANA,21,630,244,295,-110,3994
Colorado Avalanche,COL,22,Nashville Predators,NSH,19,640,204,291,106,4016
Colorado Avalanche,COL,22,Chicago Blackhawks,CHI,6,667,250,301,-114,4069
Colorado Avalanche,COL,22,San Jose Sharks,SJS,16,711,295,311,-132,4151
Colorado Avalanche,COL,22,Vancouver Canucks,VAN,53,725,175,287,125,4177
Colorado Avalanche,COL,22,Winnipeg Jets,WPG,4,775,229,305,-108,4265
Colorado Avalanche,COL,22,Montreal Canadiens,MTL,2,802,292,323,-137,4316
Colorado Avalanche,COL,22,Pittsburgh Penguins,PIT,8,813,308,354,-152,4337
Colorado Avalanche,COL,22,Tampa Bay Lightning,TBL,25,878,231,295,-105,4466
Colorado Avalanche,COL,22,Los Angeles Kings,LAK,41,892,268,298,-119,4494
Colorado Avalanche,COL,22,Buffalo Sabres,BUF,17,913,177,280,127,4535
Colorado Avalanche,COL,22,St. Louis Blues,STL,7,968,285,311,-127,4647
Colorado Avalanche,COL,22,Carolina Hurricanes,CAR,66,981,211,286,106,4670
Colorado Avalanche,COL,22,New Jersey Devils,NJD,29,991,166,268,139,4691
Colorado Avalanche,COL,22,Ottawa Senators,OTT,32,1006,195,279,116,4725
Colorado Avalanche,COL,22,Detroit Red Wings,DET,18,1036,185,280,121,4785
Colorado Avalanche,COL,22,St. Louis Blues,STL,7,1086,286,299,-123,4886
Colorado Avalanche,COL,22,Edmonton Oilers,EDM,10,1100,263,301,-118,4915
Colorado Avalanche,COL,22,Washington Capitals,WSH,5,1142,384,371,-182,4995
Colorado Avalanche,COL,22,St. Louis Blues,STL,7,1156,308,312,-139,5024
Colorado Avalanche,COL,22,Chicago Blackhawks,CHI,6,1191,325,337,-149,5093
Colorado Avalanche,COL,22,Minnesota Wild,MIN,35,1204,248,297,-110,5120
Dallas Stars,DAL,46,Anaheim Ducks,ANA,21,13,125,290,173,2758
Dallas Stars,DAL,46,Los Angeles Kings,LAK,41,58,102,312,202,2848
Dallas Stars,DAL,46,Columbus Blue Jackets,CBJ,52,74,-123,320,259,2880
Dallas Stars,DAL,46,Winnipeg Jets,WPG,4,90,108,301,197,2913
Dallas Stars,DAL,46,St. Louis Blues,STL,7,153,175,276,131,3043
Dallas Stars,DAL,46,Chicago Blackhawks,CHI,6,170,154,276,150,3078
Dallas Stars,DAL,46,New Jersey Devils,NJD,29,239,104,290,212,3213
Dallas Stars,DAL,46,Colorado Avalanche,COL,22,251,-105,307,225,3237
Dallas Stars,DAL,46,Edmonton Oilers,EDM,10,264,125,297,170,3266
Dallas Stars,DAL,46,Minnesota Wild,MIN,35,280,133,286,164,3295
Dallas Stars,DAL,46,Vancouver Canucks,VAN,53,311,-135,319,292,3357
Dallas Stars,DAL,46,Calgary Flames,CGY,11,389,119,293,183,3516
Dallas Stars,DAL,46,Nashville Predators,NSH,19,402,154,285,141,3540
Dallas Stars,DAL,46,Anaheim Ducks,ANA,21,439,145,278,154,3615
Dallas Stars,DAL,46,New York Rangers,NYR,28,452,159,285,137,3641
Dallas Stars,DAL,46,Philadelphia Flyers,PHI,14,461,112,304,185,3657
Dallas Stars,DAL,46,St. Louis Blues,STL,7,488,125,278,179,3717
Dallas Stars,DAL,46,Los Angeles Kings,LAK,41,511,118,284,188,3763
Dallas Stars,DAL,46,Colorado Avalanche,COL,22,539,-127,313,278,3817
Dallas Stars,DAL,46,Florida Panthers,FLA,45,553,102,301,212,3845
Dallas Stars,DAL,46,Montreal Canadiens,MTL,2,573,129,289,166,3884
Dallas Stars,DAL,46,Detroit Red Wings,DET,18,628,106,292,208,3992
Dallas Stars,DAL,46,Minnesota Wild,MIN,35,646,148,289,147,4030
Dallas Stars,DAL,46,Washington Capitals,WSH,5,696,185,296,116,4125
Dallas Stars,DAL,46,Minnesota Wild,MIN,35,721,163,283,137,4172
Dallas Stars,DAL,46,Buffalo Sabres,BUF,17,736,108,290,199,4199
Dallas Stars,DAL,46,Toronto Maple Leafs,TOR,1,752,144,290,149,4222
Dallas Stars,DAL,46,Winnipeg Jets,WPG,4,764,117,295,181,4246
Dallas Stars,DAL,46,Chicago Blackhawks,CHI,6,783,144,282,154,4278
Dallas Stars,DAL,46,Carolina Hurricanes,CAR,66,821,127,298,166,4353
Dallas Stars,DAL,46,Tampa Bay Lightning,TBL,25,867,131,287,167,4443
Dallas Stars,DAL,46,Arizona Coyotes,ARI,43,905,-159,375,313,4520
Dallas Stars,DAL,46,Boston Bruins,BOS,20,914,190,305,112,4539
Dallas Stars,DAL,46,Pittsburgh Penguins,PIT,8,932,193,305,108,4575
Dallas Stars,DAL,46,New York Islanders,NYI,51,945,129,290,170,4601
Dallas Stars,DAL,46,Ottawa Senators,OTT,32,985,137,272,168,4680
Dallas Stars,DAL,46,San Jose Sharks,SJS,16,1074,204,308,102,4862
Dallas Stars,DAL,46,San Jose Sharks,SJS,16,1104,229,293,-103,4923
Dallas Stars,DAL,46,Arizona Coyotes,ARI,43,1190,-128,325,275,5091
Dallas Stars,DAL,46,Nashville Predators,NSH,19,1203,169,293,129,5118
Dallas Stars,DAL,46,Colorado Avalanche,COL,22,1220,-123,318,271,5152
Detroit Red Wings,DET,18,Ottawa Senators,OTT,32,35,102,315,204,2801
Detroit Red Wings,DET,18,Nashville Predators,NSH,19,64,163,295,131,2860
Detroit Red Wings,DET,18,San Jose Sharks,SJS,16,69,213,298,102,2866
Detroit Red Wings,DET,18,Carolina Hurricanes,CAR,66,88,104,290,211,2909
Detroit Red Wings,DET,18,Boston Bruins,BOS,20,117,118,290,185,2964
Detroit Red Wings,DET,18,Florida Panthers,FLA,45,124,131,283,168,2982
Detroit Red Wings,DET,18,Winnipeg Jets,WPG,4,159,-115,303,257,3054
Detroit Red Wings,DET,18,Edmonton Oilers,EDM,10,175,-101,323,206,3084
Detroit Red Wings,DET,18,Vancouver Canucks,VAN,53,202,-111,309,237,3135
Detroit Red Wings,DET,18,Tampa Bay Lightning,TBL,25,235,152,286,142,3206
Detroit Red Wings,DET,18,Calgary Flames,CGY,11,274,100,303,213,3282
Detroit Red Wings,DET,18,Montreal Canadiens,MTL,2,317,210,294,104,3366
Detroit Red Wings,DET,18,Dallas Stars,DAL,46,334,120,293,181,3404
Detroit Red Wings,DET,18,Florida Panthers,FLA,45,350,166,276,135,3435
Detroit Red Wings,DET,18,Columbus Blue Jackets,CBJ,52,407,164,283,135,3548
Detroit Red Wings,DET,18,Philadelphia Flyers,PHI,14,423,123,289,175,3581
Detroit Red Wings,DET,18,Arizona Coyotes,ARI,43,436,-139,317,309,3610
Detroit Red Wings,DET,18,Los Angeles Kings,LAK,41,448,179,278,127,3634
Detroit Red Wings,DET,18,Anaheim Ducks,ANA,21,465,174,287,125,3665
Detroit Red Wings,DET,18,Buffalo Sabres,BUF,17,520,129,281,174,3779
Detroit Red Wings,DET,18,Pittsburgh Penguins,PIT,8,644,231,309,-108,4022
Detroit Red Wings,DET,18,Montreal Canadiens,MTL,2,657,206,287,108,4050
Detroit Red Wings,DET,18,Boston Bruins,BOS,20,673,195,287,114,4080
Detroit Red Wings,DET,18,New York Rangers,NYR,28,701,161,288,137,4136
Detroit Red Wings,DET,18,Toronto Maple Leafs,TOR,1,723,181,297,118,4174
Detroit Red Wings,DET,18,New Jersey Devils,NJD,29,750,114,281,195,4214
Detroit Red Wings,DET,18,New York Islanders,NYI,51,772,144,280,152,4254
Detroit Red Wings,DET,18,Columbus Blue Jackets,CBJ,52,799,175,300,120,4308
Detroit Red Wings,DET,18,St. Louis Blues,STL,7,846,160,288,136,4402
Detroit Red Wings,DET,18,Washington Capitals,WSH,5,862,269,293,-122,4434
Detroit Red Wings,DET,18,New York Islanders,NYI,51,889,154,283,142,4486
Detroit Red Wings,DET,18,Chicago Blackhawks,CHI,6,999,208,299,104,4705
Detroit Red Wings,DET,18,New York Rangers,NYR,28,1015,188,287,117,4735
Detroit Red Wings,DET,18,Colorado Avalanche,COL,22,1055,-118,301,262,4823
Detroit Red Wings,DET,18,Buffalo Sabres,BUF,17,1072,106,297,202,4858
Detroit Red Wings,DET,18,Tampa Bay Lightning,TBL,25,1103,161,287,136,4921
Detroit Red Wings,DET,18,Minnesota Wild,MIN,35,1118,212,288,104,4954
Detroit Red Wings,DET,18,Toronto Maple Leafs,TOR,1,1165,231,295,-104,5036
Detroit Red Wings,DET,18,Ottawa Senators,OTT,32,1179,141,281,158,5071
Detroit Red Wings,DET,18,Montreal Canadiens,MTL,2,1218,-103,301,227,5143
Detroit Red Wings,DET,18,New Jersey Devils,NJD,29,1226,-132,324,287,5162
Edmonton Oilers,EDM,10,Calgary Flames,CGY,11,3,131,290,165,2738
Edmonton Oilers,EDM,10,Buffalo Sabres,BUF,17,31,-123,315,260,2793
Edmonton Oilers,EDM,10,Carolina Hurricanes,CAR,66,46,114,294,188,2825
Edmonton Oilers,EDM,10,St. Louis Blues,STL,7,59,168,299,125,2852
Edmonton Oilers,EDM,10,Washington Capitals,WSH,5,96,227,299,-104,2925
Edmonton Oilers,EDM,10,Ottawa Senators,OTT,32,129,-102,309,214,2993
Edmonton Oilers,EDM,10,Dallas Stars,DAL,46,210,-111,305,241,3157
Edmonton Oilers,EDM,10,New York Rangers,NYR,28,228,147,272,154,3192
Edmonton Oilers,EDM,10,Chicago Blackhawks,CHI,6,281,144,283,152,3297
Edmonton Oilers,EDM,10,Arizona Coyotes,ARI,43,324,-135,334,285,3381
Edmonton Oilers,EDM,10,Toronto Maple Leafs,TOR,1,337,114,295,188,3412
Edmonton Oilers,EDM,10,Anaheim Ducks,ANA,21,370,121,282,184,3474
Edmonton Oilers,EDM,10,Minnesota Wild,MIN,35,376,175,283,125,3486
Edmonton Oilers,EDM,10,Winnipeg Jets,WPG,4,428,-104,298,229,3593
Edmonton Oilers,EDM,10,Columbus Blue Jackets,CBJ,52,440,146,280,152,3617
Edmonton Oilers,EDM,10,Tampa Bay Lightning,TBL,25,469,-109,292,240,3676
Edmonton Oilers,EDM,10,Los Angeles Kings,LAK,41,540,125,283,177,3821
Edmonton Oilers,EDM,10,Vancouver Canucks,VAN,53,555,-145,330,309,3851
Edmonton Oilers,EDM,10,San Jose Sharks,SJS,16,617,156,277,142,3971
Edmonton Oilers,EDM,10,New Jersey Devils,NJD,29,629,-123,296,285,3996
Edmonton Oilers,EDM,10,Calgary Flames,CGY,11,649,-105,286,241,4032
Edmonton Oilers,EDM,10,Arizona Coyotes,ARI,43,661,-145,333,309,4057
Edmonton Oilers,EDM,10,Florida Panthers,FLA,45,674,-115,296,261,4082
Edmonton Oilers,EDM,10,Nashville Predators,NSH,19,688,112,284,200,4109
Edmonton Oilers,EDM,10,Minnesota Wild,MIN,35,753,140,278,156,4224
Edmonton Oilers,EDM,10,Chicago Blackhawks,CHI,6,829,122,285,177,4369
Edmonton Oilers,EDM,10,Arizona Coyotes,ARI,43,844,-139,337,289,4398
Edmonton Oilers,EDM,10,Philadelphia Flyers,PHI,14,855,100,295,214,4420
Edmonton Oilers,EDM,10,Detroit Red Wings,DET,18,963,-123,303,281,4636
Edmonton Oilers,EDM,10,New York Islanders,NYI,51,980,-102,291,227,4672
Edmonton Oilers,EDM,10,Pittsburgh Penguins,PIT,8,1001,154,294,139,4711
Edmonton Oilers,EDM,10,Montreal Canadiens,MTL,2,1014,121,278,185,4740
Edmonton Oilers,EDM,10,Dallas Stars,DAL,46,1031,-118,311,252,4775
Edmonton Oilers,EDM,10,Boston Bruins,BOS,20,1045,150,283,146,4803
Edmonton Oilers,EDM,10,Vancouver Canucks,VAN,53,1062,-179,359,388,4838
Edmonton Oilers,EDM,10,Los Angeles Kings,LAK,41,1075,117,291,187,4864
Edmonton Oilers,EDM,10,Colorado Avalanche,COL,22,1116,-182,353,395,4946
Edmonton Oilers,EDM,10,Los Angeles Kings,LAK,41,1137,119,283,186,4984
Edmonton Oilers,EDM,10,San Jose Sharks,SJS,16,1152,127,280,175,5015
Edmonton Oilers,EDM,10,Anaheim Ducks,ANA,21,1167,127,276,179,5046
Edmonton Oilers,EDM,10,Vancouver Canucks,VAN,53,1233,-185,355,405,5179
Edmonton Oilers,EDM,10,San Jose Sharks,SJS,16,1238,114,279,204,5272
Edmonton Oilers,EDM,10,San Jose Sharks,SJS,16,1245,114,290,193,5274
Edmonton Oilers,EDM,10,San Jose Sharks,SJS,16,1268,129,272,177,5280
Edmonton Oilers,EDM,10,Anaheim Ducks,ANA,21,1285,134,272,172,5333
Edmonton Oilers,EDM,10,Anaheim Ducks,ANA,21,1290,125,276,181,5335
Edmonton Oilers,EDM,10,Anaheim Ducks,ANA,21,1297,125,285,175,5340
Florida Panthers,FLA,45,New Jersey Devils,NJD,29,9,102,279,221,2753
Florida Panthers,FLA,45,Detroit Red Wings,DET,18,19,112,291,196,2772
Florida Panthers,FLA,45,Washington Capitals,WSH,5,56,164,283,134,2843
Florida Panthers,FLA,45,Colorado Avalanche,COL,22,68,-102,295,225,2868
Florida Panthers,FLA,45,Boston Bruins,BOS,20,136,102,284,218,3007
Florida Panthers,FLA,45,New Jersey Devils,NJD,29,152,106,274,222,3039
Florida Panthers,FLA,45,Tampa Bay Lightning,TBL,25,182,162,287,135,3099
Florida Panthers,FLA,45,San Jose Sharks,SJS,16,201,166,284,131,3139
Florida Panthers,FLA,45,New York Islanders,NYI,51,217,-102,292,229,3163
Florida Panthers,FLA,45,Philadelphia Flyers,PHI,14,286,104,298,206,3308
Florida Panthers,FLA,45,Columbus Blue Jackets,CBJ,52,316,-103,293,231,3368
Florida Panthers,FLA,45,Pittsburgh Penguins,PIT,8,400,187,278,120,3536
Florida Panthers,FLA,45,Vancouver Canucks,VAN,53,415,-123,300,277,3569
Florida Panthers,FLA,45,Buffalo Sabres,BUF,17,486,112,276,200,3712
Florida Panthers,FLA,45,Boston Bruins,BOS,20,500,154,271,148,3739
Florida Panthers,FLA,45,Detroit Red Wings,DET,18,509,-106,290,238,3757
Florida Panthers,FLA,45,Toronto Maple Leafs,TOR,1,527,137,288,158,3791
Florida Panthers,FLA,45,Montreal Canadiens,MTL,2,534,154,284,142,3809
Florida Panthers,FLA,45,Winnipeg Jets,WPG,4,571,106,288,204,3881
Florida Panthers,FLA,45,Nashville Predators,NSH,19,585,133,281,168,3906
Florida Panthers,FLA,45,Boston Bruins,BOS,20,596,213,275,108,3927
Florida Panthers,FLA,45,New York Islanders,NYI,51,634,123,280,183,4006
Florida Panthers,FLA,45,Columbus Blue Jackets,CBJ,52,643,179,280,124,4024
Florida Panthers,FLA,45,Tampa Bay Lightning,TBL,25,733,142,283,154,4192
Florida Panthers,FLA,45,Ottawa Senators,OTT,32,749,129,278,171,4218
Florida Panthers,FLA,45,Anaheim Ducks,ANA,21,771,150,272,150,4256
Florida Panthers,FLA,45,Edmonton Oilers,EDM,10,893,116,286,189,4496
Florida Panthers,FLA,45,Calgary Flames,CGY,11,903,100,297,218,4516
Florida Panthers,FLA,45,Ottawa Senators,OTT,32,918,106,277,221,4547
Florida Panthers,FLA,45,Carolina Hurricanes,CAR,66,929,100,297,218,4569
Florida Panthers,FLA,45,Dallas Stars,DAL,46,957,-101,300,219,4626
Florida Panthers,FLA,45,New York Rangers,NYR,28,977,122,291,177,4666
Florida Panthers,FLA,45,Minnesota Wild,MIN,35,998,139,286,158,4707
Florida Panthers,FLA,45,Toronto Maple Leafs,TOR,1,1030,152,294,141,4773
Florida Panthers,FLA,45,Carolina Hurricanes,CAR,66,1082,125,286,175,4878
Florida Panthers,FLA,45,Arizona Coyotes,ARI,43,1095,-135,320,297,4906
Florida Panthers,FLA,45,Chicago Blackhawks,CHI,6,1113,165,286,133,4935
Florida Panthers,FLA,45,Montreal Canadiens,MTL,2,1181,179,291,122,5074
Florida Panthers,FLA,45,St. Louis Blues,STL,7,1202,185,294,117,5116
Florida Panthers,FLA,45,Buffalo Sabres,BUF,17,1217,123,296,177,5145
Los Angeles Kings,LAK,41,Philadelphia Flyers,PHI,14,16,110,300,192,2763
Los Angeles Kings,LAK,41,Vancouver Canucks,VAN,53,75,-110,297,244,2884
Los Angeles Kings,LAK,41,Columbus Blue Jackets,CBJ,52,93,102,294,214,2917
Los Angeles Kings,LAK,41,Nashville Predators,NSH,19,106,108,295,200,2943
Los Angeles Kings,LAK,41,Anaheim Ducks,ANA,21,142,127,280,175,3019
Los Angeles Kings,LAK,41,Pittsburgh Penguins,PIT,8,157,177,277,127,3047
Los Angeles Kings,LAK,41,Calgary Flames,CGY,11,172,108,286,206,3080
Los Angeles Kings,LAK,41,Edmonton Oilers,EDM,10,254,120,285,184,3243
Los Angeles Kings,LAK,41,New Jersey Devils,NJD,29,261,108,285,208,3256
Los Angeles Kings,LAK,41,New York Islanders,NYI,51,299,-133,315,301,3331
Los Angeles Kings,LAK,41,Chicago Blackhawks,CHI,6,321,-106,291,237,3375
Los Angeles Kings,LAK,41,San Jose Sharks,SJS,16,344,119,284,188,3423
Los Angeles Kings,LAK,41,Montreal Canadiens,MTL,2,371,138,273,164,3489
Los Angeles Kings,LAK,41,Carolina Hurricanes,CAR,66,404,-122,303,275,3545
Los Angeles Kings,LAK,41,Ottawa Senators,OTT,32,412,-109,291,246,3560
Los Angeles Kings,LAK,41,San Jose Sharks,SJS,16,557,137,273,165,3853
Los Angeles Kings,LAK,41,Detroit Red Wings,DET,18,583,-143,326,311,3902
Los Angeles Kings,LAK,41,Minnesota Wild,MIN,35,592,141,275,160,3922
Los Angeles Kings,LAK,41,Dallas Stars,DAL,46,611,102,289,216,3958
Los Angeles Kings,LAK,41,St. Louis Blues,STL,7,631,125,275,183,3998
Los Angeles Kings,LAK,41,Winnipeg Jets,WPG,4,648,-122,293,277,4034
Los Angeles Kings,LAK,41,Tampa Bay Lightning,TBL,25,659,114,278,197,4052
Los Angeles Kings,LAK,41,San Jose Sharks,SJS,16,675,119,276,190,4084
Los Angeles Kings,LAK,41,Colorado Avalanche,COL,22,759,-175,345,384,4235
Los Angeles Kings,LAK,41,Arizona Coyotes,ARI,43,856,-169,353,359,4422
Los Angeles Kings,LAK,41,Boston Bruins,BOS,20,901,114,287,194,4512
Los Angeles Kings,LAK,41,Anaheim Ducks,ANA,21,906,106,284,212,4522
Los Angeles Kings,LAK,41,Toronto Maple Leafs,TOR,1,947,108,290,204,4603
Los Angeles Kings,LAK,41,Vancouver Canucks,VAN,53,962,-167,338,372,4638
Los Angeles Kings,LAK,41,Nashville Predators,NSH,19,996,118,284,189,4699
Los Angeles Kings,LAK,41,Washington Capitals,WSH,5,1012,175,273,131,4733
Los Angeles Kings,LAK,41,St. Louis Blues,STL,7,1024,100,273,236,4761
Los Angeles Kings,LAK,41,Arizona Coyotes,ARI,43,1033,-175,349,384,4777
Los Angeles Kings,LAK,41,Buffalo Sabres,BUF,17,1049,-139,313,313,4810
Los Angeles Kings,LAK,41,Winnipeg Jets,WPG,4,1101,-112,299,248,4917
Los Angeles Kings,LAK,41,New York Rangers,NYR,28,1117,118,279,191,4948
Los Angeles Kings,LAK,41,Arizona Coyotes,ARI,43,1178,-172,345,376,5067
Los Angeles Kings,LAK,41,Edmonton Oilers,EDM,10,1194,146,274,154,5098
Los Angeles Kings,LAK,41,Calgary Flames,CGY,11,1208,104,284,219,5126
Los Angeles Kings,LAK,41,Chicago Blackhawks,CHI,6,1214,131,287,168,5159
Minnesota Wild,MIN,35,Winnipeg Jets,WPG,4,24,-103,296,225,2780
Minnesota Wild,MIN,35,Los Angeles Kings,LAK,41,44,129,284,168,2819
Minnesota Wild,MIN,35,Toronto Maple Leafs,TOR,1,57,-127,333,263,2845
Minnesota Wild,MIN,35,Dallas Stars,DAL,46,119,110,285,200,2972
Minnesota Wild,MIN,35,Buffalo Sabres,BUF,17,138,-115,301,252,3009
Minnesota Wild,MIN,35,Calgary Flames,CGY,11,238,-112,305,244,3209
Minnesota Wild,MIN,35,Boston Bruins,BOS,20,250,137,278,164,3236
Minnesota Wild,MIN,35,Colorado Avalanche,COL,22,268,-130,307,294,3270
Minnesota Wild,MIN,35,Winnipeg Jets,WPG,4,291,-105,287,238,3321
Minnesota Wild,MIN,35,Pittsburgh Penguins,PIT,8,304,158,280,140,3341
Minnesota Wild,MIN,35,Edmonton Oilers,EDM,10,408,102,289,218,3552
Minnesota Wild,MIN,35,St. Louis Blues,STL,7,424,129,275,175,3585
Minnesota Wild,MIN,35,Florida Panthers,FLA,45,438,106,280,214,3613
Minnesota Wild,MIN,35,Arizona Coyotes,ARI,43,460,-154,344,319,3659
Minnesota Wild,MIN,35,Colorado Avalanche,COL,22,487,-161,319,371,3714
Minnesota Wild,MIN,35,New York Islanders,NYI,51,538,-125,307,275,3813
Minnesota Wild,MIN,35,Columbus Blue Jackets,CBJ,52,549,123,286,179,3837
Minnesota Wild,MIN,35,Montreal Canadiens,MTL,2,627,-102,283,231,3990
Minnesota Wild,MIN,35,New Jersey Devils,NJD,29,666,-152,318,340,4067
Minnesota Wild,MIN,35,Arizona Coyotes,ARI,43,680,-227,401,462,4094
Minnesota Wild,MIN,35,Anaheim Ducks,ANA,21,698,102,281,225,4128
Minnesota Wild,MIN,35,Nashville Predators,NSH,19,706,127,282,175,4142
Minnesota Wild,MIN,35,St. Louis Blues,STL,7,735,100,292,223,4196
Minnesota Wild,MIN,35,Chicago Blackhawks,CHI,6,803,136,305,152,4318
Minnesota Wild,MIN,35,Tampa Bay Lightning,TBL,25,816,-111,303,242,4341
Minnesota Wild,MIN,35,Detroit Red Wings,DET,18,831,-172,354,351,4373
Minnesota Wild,MIN,35,Anaheim Ducks,ANA,21,843,-106,305,225,4394
Minnesota Wild,MIN,35,Dallas Stars,DAL,46,854,-111,318,236,4418
Minnesota Wild,MIN,35,Nashville Predators,NSH,19,866,106,287,204,4444
Minnesota Wild,MIN,35,Chicago Blackhawks,CHI,6,891,104,297,204,4492
Minnesota Wild,MIN,35,Los Angeles Kings,LAK,41,923,108,280,200,4557
Minnesota Wild,MIN,35,San Jose Sharks,SJS,16,967,110,283,200,4646
Minnesota Wild,MIN,35,St. Louis Blues,STL,7,979,-119,301,267,4668
Minnesota Wild,MIN,35,New York Rangers,NYR,28,1059,-118,309,256,4834
Minnesota Wild,MIN,35,San Jose Sharks,SJS,16,1084,-106,295,238,4880
Minnesota Wild,MIN,35,Philadelphia Flyers,PHI,14,1098,-127,305,283,4911
Minnesota Wild,MIN,35,Vancouver Canucks,VAN,53,1106,-189,350,419,4929
Minnesota Wild,MIN,35,Washington Capitals,WSH,5,1136,164,284,135,4982
Minnesota Wild,MIN,35,Ottawa Senators,OTT,32,1151,-115,304,252,5012
Minnesota Wild,MIN,35,Colorado Avalanche,COL,22,1173,-200,380,418,5060
Minnesota Wild,MIN,35,Carolina Hurricanes,CAR,66,1189,-116,311,254,5089
Minnesota Wild,MIN,35,St. Louis Blues,STL,7,1237,-103,290,235,5250
Minnesota Wild,MIN,35,St. Louis Blues,STL,7,1244,-125,312,280,5252
Minnesota Wild,MIN,35,St. Louis Blues,STL,7,1271,-104,280,246,5258
Montreal Canadiens,MTL,2,Pittsburgh Penguins,PIT,8,42,133,296,161,2812
Montreal Canadiens,MTL,2,Arizona Coyotes,ARI,43,55,-130,334,272,2839
Montreal Canadiens,MTL,2,Philadelphia Flyers,PHI,14,81,-115,297,252,2894
Montreal Canadiens,MTL,2,Tampa Bay Lightning,TBL,25,102,145,287,150,2937
Montreal Canadiens,MTL,2,Toronto Maple Leafs,TOR,1,116,-118,313,250,2962
Montreal Canadiens,MTL,2,Vancouver Canucks,VAN,53,143,-161,326,346,3021
Montreal Canadiens,MTL,2,Philadelphia Flyers,PHI,14,168,102,286,221,3064
Montreal Canadiens,MTL,2,Boston Bruins,BOS,20,189,-123,309,268,3113
Montreal Canadiens,MTL,2,Los Angeles Kings,LAK,41,200,117,277,194,3133
Montreal Canadiens,MTL,2,Detroit Red Wings,DET,18,216,-114,293,257,3160
Montreal Canadiens,MTL,2,Florida Panthers,FLA,45,234,100,298,206,3204
Montreal Canadiens,MTL,2,Toronto Maple Leafs,TOR,1,263,-103,300,225,3262
Montreal Canadiens,MTL,2,Ottawa Senators,OTT,32,285,-127,305,285,3305
Montreal Canadiens,MTL,2,Carolina Hurricanes,CAR,66,301,-125,309,270,3335
Montreal Canadiens,MTL,2,New Jersey Devils,NJD,29,399,-106,286,242,3532
Montreal Canadiens,MTL,2,Colorado Avalanche,COL,22,414,-132,305,299,3564
Montreal Canadiens,MTL,2,Boston Bruins,BOS,20,430,106,286,206,3597
Montreal Canadiens,MTL,2,San Jose Sharks,SJS,16,455,112,282,200,3647
Montreal Canadiens,MTL,2,Anaheim Ducks,ANA,21,485,-112,301,246,3708
Montreal Canadiens,MTL,2,Minnesota Wild,MIN,35,499,118,282,189,3733
Montreal Canadiens,MTL,2,Washington Capitals,WSH,5,609,142,261,166,3955
Montreal Canadiens,MTL,2,New York Rangers,NYR,28,642,110,287,200,4018
Montreal Canadiens,MTL,2,Pittsburgh Penguins,PIT,8,672,131,297,161,4076
Montreal Canadiens,MTL,2,Buffalo Sabres,BUF,17,695,-123,301,276,4119
Montreal Canadiens,MTL,2,Calgary Flames,CGY,11,718,-114,298,254,4162
Montreal Canadiens,MTL,2,Buffalo Sabres,BUF,17,748,-109,297,240,4213
Montreal Canadiens,MTL,2,Washington Capitals,WSH,5,774,167,268,137,4261
Montreal Canadiens,MTL,2,Edmonton Oilers,EDM,10,787,124,280,175,4286
Montreal Canadiens,MTL,2,St. Louis Blues,STL,7,826,117,285,186,4358
Montreal Canadiens,MTL,2,Winnipeg Jets,WPG,4,861,-120,309,259,4432
Montreal Canadiens,MTL,2,New York Islanders,NYI,51,898,-105,305,227,4504
Montreal Canadiens,MTL,2,Columbus Blue Jackets,CBJ,52,928,154,285,142,4567
Montreal Canadiens,MTL,2,Nashville Predators,NSH,19,944,120,287,184,4597
Montreal Canadiens,MTL,2,Chicago Blackhawks,CHI,6,1029,138,277,162,4769
Montreal Canadiens,MTL,2,Ottawa Senators,OTT,32,1069,-101,293,224,4852
Montreal Canadiens,MTL,2,Detroit Red Wings,DET,18,1081,-141,320,317,4874
Montreal Canadiens,MTL,2,Carolina Hurricanes,CAR,66,1094,-111,296,250,4901
Montreal Canadiens,MTL,2,Ottawa Senators,OTT,32,1112,100,285,225,4933
Montreal Canadiens,MTL,2,Dallas Stars,DAL,46,1135,-118,303,261,4980
Montreal Canadiens,MTL,2,Florida Panthers,FLA,45,1147,-128,313,288,5006
Montreal Canadiens,MTL,2,Tampa Bay Lightning,TBL,25,1209,154,290,142,5130
Montreal Canadiens,MTL,2,New York Rangers,NYR,28,1235,110,280,209,5181
Montreal Canadiens,MTL,2,New York Rangers,NYR,28,1243,108,280,212,5185
Montreal Canadiens,MTL,2,New York Rangers,NYR,28,1266,110,276,212,5191
New Jersey Devils,NJD,29,Anaheim Ducks,ANA,21,39,156,281,142,2805
New Jersey Devils,NJD,29,Minnesota Wild,MIN,35,67,156,275,144,2870
New Jersey Devils,NJD,29,Arizona Coyotes,ARI,43,84,-102,285,231,2900
New Jersey Devils,NJD,29,Chicago Blackhawks,CHI,6,107,197,297,110,2948
New Jersey Devils,NJD,29,Tampa Bay Lightning,TBL,25,115,177,285,124,2966
New Jersey Devils,NJD,29,Carolina Hurricanes,CAR,66,187,106,278,216,3101
New Jersey Devils,NJD,29,Buffalo Sabres,BUF,17,215,106,271,220,3165
New Jersey Devils,NJD,29,Toronto Maple Leafs,TOR,1,290,114,282,197,3313
New Jersey Devils,NJD,29,Detroit Red Wings,DET,18,309,118,267,197,3356
New Jersey Devils,NJD,29,Vancouver Canucks,VAN,53,384,-115,305,254,3502
New Jersey Devils,NJD,29,St. Louis Blues,STL,7,406,183,275,124,3550
New Jersey Devils,NJD,29,Nashville Predators,NSH,19,481,139,274,164,3702
New Jersey Devils,NJD,29,Philadelphia Flyers,PHI,14,494,136,280,164,3729
New Jersey Devils,NJD,29,Pittsburgh Penguins,PIT,8,518,213,293,102,3771
New Jersey Devils,NJD,29,Washington Capitals,WSH,5,547,250,295,-112,3835
New Jersey Devils,NJD,29,Boston Bruins,BOS,20,562,215,285,104,3863
New Jersey Devils,NJD,29,Toronto Maple Leafs,TOR,1,584,189,285,116,3908
New Jersey Devils,NJD,29,Edmonton Oilers,EDM,10,595,197,279,114,3929
New Jersey Devils,NJD,29,Florida Panthers,FLA,45,608,144,266,161,3953
New Jersey Devils,NJD,29,Montreal Canadiens,MTL,2,687,187,278,121,4108
New Jersey Devils,NJD,29,Los Angeles Kings,LAK,41,715,168,267,137,4156
New Jersey Devils,NJD,29,Washington Capitals,WSH,5,729,256,293,-114,4183
New Jersey Devils,NJD,29,Calgary Flames,CGY,11,769,150,266,150,4258
New Jersey Devils,NJD,29,Buffalo Sabres,BUF,17,791,131,280,166,4290
New Jersey Devils,NJD,29,San Jose Sharks,SJS,16,830,175,274,127,4371
New Jersey Devils,NJD,29,Colorado Avalanche,COL,22,839,-119,315,257,4386
New Jersey Devils,NJD,29,Ottawa Senators,OTT,32,851,156,267,145,4410
New Jersey Devils,NJD,29,New York Islanders,NYI,51,864,158,270,143,4439
New Jersey Devils,NJD,29,Ottawa Senators,OTT,32,885,121,270,187,4478
New Jersey Devils,NJD,29,New York Rangers,NYR,28,907,195,282,116,4524
New Jersey Devils,NJD,29,Montreal Canadiens,MTL,2,921,186,288,114,4553
New Jersey Devils,NJD,29,Columbus Blue Jackets,CBJ,52,966,240,296,-109,4641
New Jersey Devils,NJD,29,Philadelphia Flyers,PHI,14,1040,164,274,138,4789
New Jersey Devils,NJD,29,Columbus Blue Jackets,CBJ,52,1065,219,288,102,4842
New Jersey Devils,NJD,29,New York Rangers,NYR,28,1077,217,288,104,4870
New Jersey Devils,NJD,29,Carolina Hurricanes,CAR,66,1111,166,283,133,4937
New Jersey Devils,NJD,29,Dallas Stars,DAL,46,1119,173,289,124,4952
New Jersey Devils,NJD,29,Winnipeg Jets,WPG,4,1130,154,286,143,4763
New Jersey Devils,NJD,29,Philadelphia Flyers,PHI,14,1183,179,284,124,5078
New Jersey Devils,NJD,29,Pittsburgh Penguins,PIT,8,1197,239,317,-111,5108
New Jersey Devils,NJD,29,New York Islanders,NYI,51,1213,224,300,-102,5138
Nashville Predators,NSH,19,Chicago Blackhawks,CHI,6,14,127,295,167,2760
Nashville Predators,NSH,19,Dallas Stars,DAL,46,43,102,313,200,2817
Nashville Predators,NSH,19,Pittsburgh Penguins,PIT,8,73,177,295,121,2878
Nashville Predators,NSH,19,Carolina Hurricanes,CAR,66,171,102,285,225,3076
Nashville Predators,NSH,19,Ottawa Senators,OTT,32,191,-106,308,229,3115
Nashville Predators,NSH,19,St. Louis Blues,STL,7,203,119,288,185,3141
Nashville Predators,NSH,19,Anaheim Ducks,ANA,21,220,122,281,183,3176
Nashville Predators,NSH,19,Tampa Bay Lightning,TBL,25,279,117,284,190,3292
Nashville Predators,NSH,19,Dallas Stars,DAL,46,295,-101,296,221,3325
Nashville Predators,NSH,19,Winnipeg Jets,WPG,4,307,-123,303,276,3349
Nashville Predators,NSH,19,New Jersey Devils,NJD,29,362,-104,294,231,3458
Nashville Predators,NSH,19,Philadelphia Flyers,PHI,14,374,106,297,206,3480
Nashville Predators,NSH,19,Colorado Avalanche,COL,22,388,-135,323,289,3510
Nashville Predators,NSH,19,St. Louis Blues,STL,7,437,118,274,194,3611
Nashville Predators,NSH,19,Minnesota Wild,MIN,35,451,120,278,189,3637
Nashville Predators,NSH,19,New York Rangers,NYR,28,468,133,279,170,3673
Nashville Predators,NSH,19,Los Angeles Kings,LAK,41,501,127,281,173,3741
Nashville Predators,NSH,19,Minnesota Wild,MIN,35,521,140,280,156,3781
Nashville Predators,NSH,19,Chicago Blackhawks,CHI,6,537,124,287,177,3811
Nashville Predators,NSH,19,Montreal Canadiens,MTL,2,569,136,279,164,3877
Nashville Predators,NSH,19,Vancouver Canucks,VAN,53,615,-115,299,252,3966
Nashville Predators,NSH,19,Boston Bruins,BOS,20,626,163,274,138,3988
Nashville Predators,NSH,19,Buffalo Sabres,BUF,17,720,-112,296,250,4166
Nashville Predators,NSH,19,Columbus Blue Jackets,CBJ,52,734,133,282,167,4194
Nashville Predators,NSH,19,Edmonton Oilers,EDM,10,763,112,285,195,4244
Nashville Predators,NSH,19,Detroit Red Wings,DET,18,782,-133,313,292,4277
Nashville Predators,NSH,19,Vancouver Canucks,VAN,53,801,-133,305,298,4312
Nashville Predators,NSH,19,Florida Panthers,FLA,45,820,112,286,196,4351
Nashville Predators,NSH,19,Dallas Stars,DAL,46,833,100,301,211,4377
Nashville Predators,NSH,19,Calgary Flames,CGY,11,890,100,290,219,4490
Nashville Predators,NSH,19,Colorado Avalanche,COL,22,899,-164,345,351,4508
Nashville Predators,NSH,19,Washington Capitals,WSH,5,908,138,289,158,4526
Nashville Predators,NSH,19,Edmonton Oilers,EDM,10,917,116,300,183,4545
Nashville Predators,NSH,19,Chicago Blackhawks,CHI,6,961,117,294,184,4634
Nashville Predators,NSH,19,Winnipeg Jets,WPG,4,1021,-108,307,229,4752
Nashville Predators,NSH,19,Arizona Coyotes,ARI,43,1073,-169,351,363,4860
Nashville Predators,NSH,19,Calgary Flames,CGY,11,1097,110,293,197,4910
Nashville Predators,NSH,19,Toronto Maple Leafs,TOR,1,1150,117,297,184,5010
Nashville Predators,NSH,19,Minnesota Wild,MIN,35,1161,133,280,168,5034
Nashville Predators,NSH,19,New York Islanders,NYI,51,1188,-128,316,277,5087
Nashville Predators,NSH,19,Chicago Blackhawks,CHI,6,1256,148,269,159,5242
Nashville Predators,NSH,19,Chicago Blackhawks,CHI,6,1267,150,281,149,5245
Nashville Predators,NSH,19,St. Louis Blues,STL,7,1284,110,273,213,5318
Nashville Predators,NSH,19,St. Louis Blues,STL,7,1288,110,270,215,5320
Nashville Predators,NSH,19,St. Louis Blues,STL,7,1296,104,266,234,5324
Nashville Predators,NSH,19,Anaheim Ducks,ANA,21,1308,112,287,202,5364
Nashville Predators,NSH,19,Anaheim Ducks,ANA,21,1312,121,277,195,5368
Nashville Predators,NSH,19,Pittsburgh Penguins,PIT,8,1317,117,294,191,5376
Nashville Predators,NSH,19,Pittsburgh Penguins,PIT,8,1318,117,299,187,5378
Nashville Predators,NSH,19,Pittsburgh Penguins,PIT,8,1320,129,287,174,5382
New York Islanders,NYI,51,Anaheim Ducks,ANA,21,30,131,288,166,2792
New York Islanders,NYI,51,San Jose Sharks,SJS,16,38,149,289,146,2808
New York Islanders,NYI,51,Arizona Coyotes,ARI,43,62,-139,334,291,2856
New York Islanders,NYI,51,Minnesota Wild,MIN,35,78,114,290,187,2888
New York Islanders,NYI,51,Montreal Canadiens,MTL,2,94,138,284,156,2921
New York Islanders,NYI,51,Toronto Maple Leafs,TOR,1,126,-111,312,236,2987
New York Islanders,NYI,51,Tampa Bay Lightning,TBL,25,135,161,286,137,2997
New York Islanders,NYI,51,Philadelphia Flyers,PHI,14,148,106,292,208,3029
New York Islanders,NYI,51,Edmonton Oilers,EDM,10,167,133,281,170,3070
New York Islanders,NYI,51,Tampa Bay Lightning,TBL,25,229,170,299,123,3194
New York Islanders,NYI,51,Pittsburgh Penguins,PIT,8,256,208,305,102,3245
New York Islanders,NYI,51,Calgary Flames,CGY,11,328,100,303,213,3392
New York Islanders,NYI,51,Detroit Red Wings,DET,18,373,100,295,219,3478
New York Islanders,NYI,51,New York Rangers,NYR,28,383,187,278,121,3503
New York Islanders,NYI,51,St. Louis Blues,STL,7,396,183,288,119,3528
New York Islanders,NYI,51,Washington Capitals,WSH,5,432,197,282,114,3601
New York Islanders,NYI,51,Chicago Blackhawks,CHI,6,445,163,281,134,3629
New York Islanders,NYI,51,Ottawa Senators,OTT,32,473,110,290,197,3683
New York Islanders,NYI,51,Buffalo Sabres,BUF,17,507,118,286,187,3747
New York Islanders,NYI,51,Washington Capitals,WSH,5,517,204,286,108,3773
New York Islanders,NYI,51,Florida Panthers,FLA,45,619,118,283,187,3975
New York Islanders,NYI,51,Dallas Stars,DAL,46,676,139,291,154,4086
New York Islanders,NYI,51,Los Angeles Kings,LAK,41,694,184,280,122,4121
New York Islanders,NYI,51,Philadelphia Flyers,PHI,14,704,143,286,152,4139
New York Islanders,NYI,51,Columbus Blue Jackets,CBJ,52,714,179,289,122,4158
New York Islanders,NYI,51,Montreal Canadiens,MTL,2,728,175,283,124,4185
New York Islanders,NYI,51,Washington Capitals,WSH,5,745,177,290,121,4205
New York Islanders,NYI,51,Carolina Hurricanes,CAR,66,777,133,274,169,4272
New York Islanders,NYI,51,Toronto Maple Leafs,TOR,1,790,127,312,161,4292
New York Islanders,NYI,51,Colorado Avalanche,COL,22,832,-133,332,276,4375
New York Islanders,NYI,51,New York Rangers,NYR,28,850,168,294,127,4412
New York Islanders,NYI,51,New Jersey Devils,NJD,29,874,-104,295,229,4460
New York Islanders,NYI,51,Carolina Hurricanes,CAR,66,1020,124,294,175,4747
New York Islanders,NYI,51,Winnipeg Jets,WPG,4,1039,123,305,170,4791
New York Islanders,NYI,51,Boston Bruins,BOS,20,1110,200,292,108,4939
New York Islanders,NYI,51,Nashville Predators,NSH,19,1123,154,301,137,4962
New York Islanders,NYI,51,New Jersey Devils,NJD,29,1154,-104,298,229,5020
New York Islanders,NYI,51,Ottawa Senators,OTT,32,1225,-118,317,252,5166
New York Rangers,NYR,28,New York Islanders,NYI,51,5,119,288,184,2744
New York Rangers,NYR,28,San Jose Sharks,SJS,16,34,175,296,122,2797
New York Rangers,NYR,28,Detroit Red Wings,DET,18,50,-112,322,233,2829
New York Rangers,NYR,28,Arizona Coyotes,ARI,43,79,-118,315,246,2890
New York Rangers,NYR,28,Boston Bruins,BOS,20,95,-130,316,282,2923
New York Rangers,NYR,28,Tampa Bay Lightning,TBL,25,127,123,288,177,2989
New York Rangers,NYR,28,St. Louis Blues,STL,7,131,120,285,183,2999
New York Rangers,NYR,28,Edmonton Oilers,EDM,10,147,-109,294,248,3031
New York Rangers,NYR,28,Winnipeg Jets,WPG,4,177,-137,322,290,3090
New York Rangers,NYR,28,Vancouver Canucks,VAN,53,186,-208,383,455,3103
New York Rangers,NYR,28,Pittsburgh Penguins,PIT,8,289,127,296,166,3315
New York Rangers,NYR,28,Ottawa Senators,OTT,32,326,-122,316,262,3387
New York Rangers,NYR,28,Carolina Hurricanes,CAR,66,330,-112,303,246,3396
New York Rangers,NYR,28,Carolina Hurricanes,CAR,66,360,-112,296,252,3454
New York Rangers,NYR,28,New Jersey Devils,NJD,29,426,100,286,225,3589
New York Rangers,NYR,28,Chicago Blackhawks,CHI,6,431,121,276,186,3603
New York Rangers,NYR,28,New Jersey Devils,NJD,29,475,-123,307,271,3687
New York Rangers,NYR,28,Minnesota Wild,MIN,35,506,104,286,214,3749
New York Rangers,NYR,28,Ottawa Senators,OTT,32,516,-108,303,233,3775
New York Rangers,NYR,28,Buffalo Sabres,BUF,17,565,-132,315,286,3867
New York Rangers,NYR,28,Toronto Maple Leafs,TOR,1,633,116,296,186,4000
New York Rangers,NYR,28,Dallas Stars,DAL,46,662,-115,316,245,4059
New York Rangers,NYR,28,Los Angeles Kings,LAK,41,708,127,281,174,4144
New York Rangers,NYR,28,Philadelphia Flyers,PHI,14,724,108,303,196,4175
New York Rangers,NYR,28,Columbus Blue Jackets,CBJ,52,744,122,296,172,4207
New York Rangers,NYR,28,Calgary Flames,CGY,11,788,-110,308,231,4288
New York Rangers,NYR,28,Anaheim Ducks,ANA,21,794,112,295,192,4298
New York Rangers,NYR,28,Nashville Predators,NSH,19,806,118,291,181,4324
New York Rangers,NYR,28,Colorado Avalanche,COL,22,825,-189,368,388,4360
New York Rangers,NYR,28,Washington Capitals,WSH,5,871,140,289,152,4452
New York Rangers,NYR,28,Montreal Canadiens,MTL,2,884,124,291,171,4479
New York Rangers,NYR,28,Columbus Blue Jackets,CBJ,52,916,119,296,181,4543
New York Rangers,NYR,28,Washington Capitals,WSH,5,925,172,291,125,4563
New York Rangers,NYR,28,Montreal Canadiens,MTL,2,956,118,281,190,4628
New York Rangers,NYR,28,Tampa Bay Lightning,TBL,25,1019,114,296,185,4748
New York Rangers,NYR,28,Florida Panthers,FLA,45,1051,-122,322,258,4814
New York Rangers,NYR,28,New York Islanders,NYI,51,1088,108,307,192,4890
New York Rangers,NYR,28,Pittsburgh Penguins,PIT,8,1153,142,299,149,5018
New York Rangers,NYR,28,Philadelphia Flyers,PHI,14,1176,-105,305,225,5064
New York Rangers,NYR,28,Pittsburgh Penguins,PIT,8,1231,102,313,204,5172
New York Rangers,NYR,28,Montreal Canadiens,MTL,2,1252,143,268,164,5187
New York Rangers,NYR,28,Montreal Canadiens,MTL,2,1258,150,267,154,5189
New York Rangers,NYR,28,Montreal Canadiens,MTL,2,1272,148,264,159,5194
New York Rangers,NYR,28,Ottawa Senators,OTT,32,1287,-101,280,240,5290
New York Rangers,NYR,28,Ottawa Senators,OTT,32,1291,100,284,231,5292
New York Rangers,NYR,28,Ottawa Senators,OTT,32,1299,-123,312,276,5297
Ottawa Senators,OTT,32,Toronto Maple Leafs,TOR,1,1,114,305,181,2734
Ottawa Senators,OTT,32,Montreal Canadiens,MTL,2,23,137,286,158,2767
Ottawa Senators,OTT,32,Tampa Bay Lightning,TBL,25,66,164,296,131,2864
Ottawa Senators,OTT,32,Carolina Hurricanes,CAR,66,134,119,292,181,3005
Ottawa Senators,OTT,32,Vancouver Canucks,VAN,53,151,-101,294,225,3035
Ottawa Senators,OTT,32,Buffalo Sabres,BUF,17,166,106,288,211,3066
Ottawa Senators,OTT,32,Los Angeles Kings,LAK,41,208,156,280,141,3151
Ottawa Senators,OTT,32,Minnesota Wild,MIN,35,225,121,286,179,3186
Ottawa Senators,OTT,32,Nashville Predators,NSH,19,248,187,285,118,3232
Ottawa Senators,OTT,32,Florida Panthers,FLA,45,262,177,281,125,3264
Ottawa Senators,OTT,32,Boston Bruins,BOS,20,300,181,280,123,3337
Ottawa Senators,OTT,32,Carolina Hurricanes,CAR,66,315,131,279,170,3364
Ottawa Senators,OTT,32,Buffalo Sabres,BUF,17,333,117,277,194,3402
Ottawa Senators,OTT,32,Philadelphia Flyers,PHI,14,349,148,290,146,3433
Ottawa Senators,OTT,32,Florida Panthers,FLA,45,367,175,280,125,3460
Ottawa Senators,OTT,32,San Jose Sharks,SJS,16,441,162,287,135,3619
Ottawa Senators,OTT,32,New Jersey Devils,NJD,29,464,125,281,177,3663
Ottawa Senators,OTT,32,Anaheim Ducks,ANA,21,498,169,282,129,3735
Ottawa Senators,OTT,32,Detroit Red Wings,DET,18,536,102,289,217,3805
Ottawa Senators,OTT,32,Washington Capitals,WSH,5,594,206,285,106,3926
Ottawa Senators,OTT,32,Edmonton Oilers,EDM,10,605,122,284,179,3947
Ottawa Senators,OTT,32,Pittsburgh Penguins,PIT,8,625,214,295,102,3985
Ottawa Senators,OTT,32,Toronto Maple Leafs,TOR,1,641,127,296,168,4020
Ottawa Senators,OTT,32,Washington Capitals,WSH,5,717,188,290,117,4164
Ottawa Senators,OTT,32,Calgary Flames,CGY,11,732,120,290,183,4190
Ottawa Senators,OTT,32,St. Louis Blues,STL,7,798,120,287,181,4306
Ottawa Senators,OTT,32,Dallas Stars,DAL,46,811,124,298,170,4334
Ottawa Senators,OTT,32,New York Islanders,NYI,51,818,131,285,165,4347
Ottawa Senators,OTT,32,Buffalo Sabres,BUF,17,841,-104,296,227,4392
Ottawa Senators,OTT,32,Winnipeg Jets,WPG,4,873,121,288,179,4455
Ottawa Senators,OTT,32,Colorado Avalanche,COL,22,943,-141,304,329,4599
Ottawa Senators,OTT,32,Columbus Blue Jackets,CBJ,52,955,161,272,141,4624
Ottawa Senators,OTT,32,Boston Bruins,BOS,20,973,202,268,117,4655
Ottawa Senators,OTT,32,Tampa Bay Lightning,TBL,25,1028,116,289,190,4771
Ottawa Senators,OTT,32,Chicago Blackhawks,CHI,6,1044,188,283,119,4799
Ottawa Senators,OTT,32,Montreal Canadiens,MTL,2,1058,177,280,125,4828
Ottawa Senators,OTT,32,Pittsburgh Penguins,PIT,8,1093,190,296,112,4904
Ottawa Senators,OTT,32,Detroit Red Wings,DET,18,1186,-119,316,258,5084
Ottawa Senators,OTT,32,New York Rangers,NYR,28,1211,124,286,179,5132
Ottawa Senators,OTT,32,Boston Bruins,BOS,20,1234,179,277,127,5197
Ottawa Senators,OTT,32,Boston Bruins,BOS,20,1246,150,257,161,5199
Ottawa Senators,OTT,32,Boston Bruins,BOS,20,1270,160,268,146,5205
Ottawa Senators,OTT,32,New York Rangers,NYR,28,1278,162,254,150,5285
Ottawa Senators,OTT,32,New York Rangers,NYR,28,1282,166,260,144,5288
Ottawa Senators,OTT,32,New York Rangers,NYR,28,1294,167,268,140,5295
Ottawa Senators,OTT,32,Pittsburgh Penguins,PIT,8,1309,171,287,133,5350
Ottawa Senators,OTT,32,Pittsburgh Penguins,PIT,8,1313,199,292,112,5354
Philadelphia Flyers,PHI,14,Anaheim Ducks,ANA,21,52,135,290,161,2835
Philadelphia Flyers,PHI,14,Carolina Hurricanes,CAR,66,65,118,288,184,2871
Philadelphia Flyers,PHI,14,Buffalo Sabres,BUF,17,87,104,294,211,2902
Philadelphia Flyers,PHI,14,Arizona Coyotes,ARI,43,99,-116,336,235,2931
Philadelphia Flyers,PHI,14,Pittsburgh Penguins,PIT,8,114,169,287,129,2968
Philadelphia Flyers,PHI,14,Detroit Red Wings,DET,18,144,118,292,183,3023
Philadelphia Flyers,PHI,14,Detroit Red Wings,DET,18,185,108,299,200,3105
Philadelphia Flyers,PHI,14,Minnesota Wild,MIN,35,214,159,283,139,3167
Philadelphia Flyers,PHI,14,Ottawa Senators,OTT,32,230,104,301,206,3196
Philadelphia Flyers,PHI,14,Winnipeg Jets,WPG,4,245,112,309,186,3228
Philadelphia Flyers,PHI,14,Tampa Bay Lightning,TBL,25,260,139,288,156,3254
Philadelphia Flyers,PHI,14,New York Rangers,NYR,28,302,174,282,129,3339
Philadelphia Flyers,PHI,14,Calgary Flames,CGY,11,327,116,293,187,3389
Philadelphia Flyers,PHI,14,Boston Bruins,BOS,20,332,141,264,167,3398
Philadelphia Flyers,PHI,14,Chicago Blackhawks,CHI,6,359,127,282,172,3456
Philadelphia Flyers,PHI,14,Florida Panthers,FLA,45,382,102,289,218,3505
Philadelphia Flyers,PHI,14,Edmonton Oilers,EDM,10,395,127,294,169,3530
Philadelphia Flyers,PHI,14,Dallas Stars,DAL,46,411,124,296,173,3558
Philadelphia Flyers,PHI,14,Nashville Predators,NSH,19,476,138,286,159,3689
Philadelphia Flyers,PHI,14,Washington Capitals,WSH,5,492,175,283,125,3723
Philadelphia Flyers,PHI,14,New York Rangers,NYR,28,572,124,289,177,3882
Philadelphia Flyers,PHI,14,Tampa Bay Lightning,TBL,25,590,133,290,163,3920
Philadelphia Flyers,PHI,14,Vancouver Canucks,VAN,53,623,-116,300,259,3982
Philadelphia Flyers,PHI,14,New Jersey Devils,NJD,29,693,-116,301,258,4123
Philadelphia Flyers,PHI,14,Toronto Maple Leafs,TOR,1,727,121,298,175,4186
Philadelphia Flyers,PHI,14,Montreal Canadiens,MTL,2,760,171,280,129,4239
Philadelphia Flyers,PHI,14,Los Angeles Kings,LAK,41,773,169,270,135,4263
Philadelphia Flyers,PHI,14,St. Louis Blues,STL,7,789,141,283,154,4294
Philadelphia Flyers,PHI,14,New York Islanders,NYI,51,805,129,289,165,4326
Philadelphia Flyers,PHI,14,San Jose Sharks,SJS,16,817,177,283,123,4349
Philadelphia Flyers,PHI,14,Washington Capitals,WSH,5,894,237,288,-105,4498
Philadelphia Flyers,PHI,14,Colorado Avalanche,COL,22,924,-141,315,313,4565
Philadelphia Flyers,PHI,14,Florida Panthers,FLA,45,939,154,282,142,4591
Philadelphia Flyers,PHI,14,Columbus Blue Jackets,CBJ,52,1018,168,282,131,4750
Philadelphia Flyers,PHI,14,Pittsburgh Penguins,PIT,8,1034,181,304,116,4781
Philadelphia Flyers,PHI,14,Carolina Hurricanes,CAR,66,1068,102,299,211,4848
Philadelphia Flyers,PHI,14,Ottawa Senators,OTT,32,1129,131,288,166,4972
Philadelphia Flyers,PHI,14,New York Islanders,NYI,51,1144,116,289,188,5002
Philadelphia Flyers,PHI,14,New Jersey Devils,NJD,29,1164,-133,304,299,5040
Philadelphia Flyers,PHI,14,Columbus Blue Jackets,CBJ,52,1210,152,287,143,5134
Philadelphia Flyers,PHI,14,Carolina Hurricanes,CAR,66,1230,-104,313,221,5174
Pittsburgh Penguins,PIT,8,Washington Capitals,WSH,5,12,149,282,148,2746
Pittsburgh Penguins,PIT,8,Anaheim Ducks,ANA,21,18,106,288,204,2774
Pittsburgh Penguins,PIT,8,Colorado Avalanche,COL,22,33,-125,333,259,2799
Pittsburgh Penguins,PIT,8,San Jose Sharks,SJS,16,51,167,299,127,2837
Pittsburgh Penguins,PIT,8,Florida Panthers,FLA,45,83,-104,294,231,2904
Pittsburgh Penguins,PIT,8,New York Islanders,NYI,51,98,-122,332,250,2933
Pittsburgh Penguins,PIT,8,Edmonton Oilers,EDM,10,184,-141,338,296,3107
Pittsburgh Penguins,PIT,8,Minnesota Wild,MIN,35,196,-116,312,245,3129
Pittsburgh Penguins,PIT,8,Toronto Maple Leafs,TOR,1,213,-154,337,325,3169
Pittsburgh Penguins,PIT,8,New York Rangers,NYR,28,276,-105,304,227,3288
Pittsburgh Penguins,PIT,8,New Jersey Devils,NJD,29,314,-159,334,343,3370
Pittsburgh Penguins,PIT,8,Dallas Stars,DAL,46,346,-112,309,243,3429
Pittsburgh Penguins,PIT,8,Detroit Red Wings,DET,18,366,-169,344,370,3464
Pittsburgh Penguins,PIT,8,Ottawa Senators,OTT,32,379,-147,326,324,3493
Pittsburgh Penguins,PIT,8,Arizona Coyotes,ARI,43,429,-208,383,438,3595
Pittsburgh Penguins,PIT,8,Boston Bruins,BOS,20,442,-109,301,231,3621
Pittsburgh Penguins,PIT,8,Los Angeles Kings,LAK,41,453,-119,309,254,3645
Pittsburgh Penguins,PIT,8,New York Rangers,NYR,28,480,-102,307,218,3704
Pittsburgh Penguins,PIT,8,New Jersey Devils,NJD,29,505,-149,338,309,3751
Pittsburgh Penguins,PIT,8,Carolina Hurricanes,CAR,66,526,-114,313,243,3793
Pittsburgh Penguins,PIT,8,Montreal Canadiens,MTL,2,552,104,295,206,3841
Pittsburgh Penguins,PIT,8,Tampa Bay Lightning,TBL,25,602,-164,359,333,3941
Pittsburgh Penguins,PIT,8,Washington Capitals,WSH,5,660,116,309,177,4055
Pittsburgh Penguins,PIT,8,Boston Bruins,BOS,20,702,106,295,204,4134
Pittsburgh Penguins,PIT,8,St. Louis Blues,STL,7,713,-132,323,277,4160
Pittsburgh Penguins,PIT,8,Nashville Predators,NSH,19,743,-108,307,227,4209
Pittsburgh Penguins,PIT,8,Columbus Blue Jackets,CBJ,52,768,-102,308,209,4252
Pittsburgh Penguins,PIT,8,Calgary Flames,CGY,11,793,-127,330,258,4299
Pittsburgh Penguins,PIT,8,Vancouver Canucks,VAN,53,838,-200,401,387,4388
Pittsburgh Penguins,PIT,8,Winnipeg Jets,WPG,4,849,-154,347,319,4414
Pittsburgh Penguins,PIT,8,Detroit Red Wings,DET,18,872,-185,367,380,4453
Pittsburgh Penguins,PIT,8,Philadelphia Flyers,PHI,14,911,-109,309,235,4530
Pittsburgh Penguins,PIT,8,Tampa Bay Lightning,TBL,25,948,-114,321,238,4607
Pittsburgh Penguins,PIT,8,Buffalo Sabres,BUF,17,965,-189,372,400,4643
Pittsburgh Penguins,PIT,8,New Jersey Devils,NJD,29,1050,-179,376,361,4817
Pittsburgh Penguins,PIT,8,Florida Panthers,FLA,45,1064,-114,309,246,4844
Pittsburgh Penguins,PIT,8,New York Islanders,NYI,51,1102,-122,318,262,4919
Pittsburgh Penguins,PIT,8,Philadelphia Flyers,PHI,14,1120,-137,337,285,4950
Pittsburgh Penguins,PIT,8,Chicago Blackhawks,CHI,6,1140,123,308,170,4991
Pittsburgh Penguins,PIT,8,Carolina Hurricanes,CAR,66,1171,-125,313,271,5052
Pittsburgh Penguins,PIT,8,Columbus Blue Jackets,CBJ,52,1182,114,299,188,5079
Pittsburgh Penguins,PIT,8,Columbus Blue Jackets,CBJ,52,1236,-101,300,225,5226
Pittsburgh Penguins,PIT,8,Columbus Blue Jackets,CBJ,52,1242,102,299,215,5229
Pittsburgh Penguins,PIT,8,Columbus Blue Jackets,CBJ,52,1265,-123,317,270,5235
Pittsburgh Penguins,PIT,8,Washington Capitals,WSH,5,1286,146,282,152,5304
Pittsburgh Penguins,PIT,8,Washington Capitals,WSH,5,1289,181,280,125,5306
Pittsburgh Penguins,PIT,8,Washington Capitals,WSH,5,1298,139,275,165,5309
Pittsburgh Penguins,PIT,8,Ottawa Senators,OTT,32,1303,-122,320,268,5344
Pittsburgh Penguins,PIT,8,Ottawa Senators,OTT,32,1305,-128,318,293,5347
Pittsburgh Penguins,PIT,8,Ottawa Senators,OTT,32,1311,-118,300,277,5352
Pittsburgh Penguins,PIT,8,Ottawa Senators,OTT,32,1314,-137,320,313,5357
Pittsburgh Penguins,PIT,8,Nashville Predators,NSH,19,1315,104,291,218,5372
Pittsburgh Penguins,PIT,8,Nashville Predators,NSH,19,1316,119,286,188,5374
Pittsburgh Penguins,PIT,8,Nashville Predators,NSH,19,1319,108,294,210,5380
San Jose Sharks,SJS,16,Los Angeles Kings,LAK,41,4,110,286,202,2740
San Jose Sharks,SJS,16,Anaheim Ducks,ANA,21,92,100,283,227,2919
San Jose Sharks,SJS,16,Columbus Blue Jackets,CBJ,52,105,-130,326,276,2946
San Jose Sharks,SJS,16,Nashville Predators,NSH,19,122,-106,311,227,2978
San Jose Sharks,SJS,16,Calgary Flames,CGY,11,156,-132,309,298,3049
San Jose Sharks,SJS,16,Pittsburgh Penguins,PIT,8,173,123,283,184,3082
San Jose Sharks,SJS,16,New Jersey Devils,NJD,29,282,-149,317,334,3299
San Jose Sharks,SJS,16,Chicago Blackhawks,CHI,6,296,114,284,195,3333
San Jose Sharks,SJS,16,New York Islanders,NYI,51,303,-128,308,287,3345
San Jose Sharks,SJS,16,Anaheim Ducks,ANA,21,320,-106,285,242,3377
San Jose Sharks,SJS,16,Arizona Coyotes,ARI,43,340,-167,351,362,3418
San Jose Sharks,SJS,16,Montreal Canadiens,MTL,2,358,127,266,183,3450
San Jose Sharks,SJS,16,Ottawa Senators,OTT,32,393,-132,321,284,3524
San Jose Sharks,SJS,16,Carolina Hurricanes,CAR,66,420,-109,288,245,3577
San Jose Sharks,SJS,16,Calgary Flames,CGY,11,491,-125,308,277,3721
San Jose Sharks,SJS,16,Edmonton Oilers,EDM,10,515,-102,296,223,3769
San Jose Sharks,SJS,16,Philadelphia Flyers,PHI,14,546,-109,301,236,3831
San Jose Sharks,SJS,16,Los Angeles Kings,LAK,41,570,112,273,206,3878
San Jose Sharks,SJS,16,Minnesota Wild,MIN,35,582,133,272,172,3904
San Jose Sharks,SJS,16,Detroit Red Wings,DET,18,601,-135,315,299,3939
San Jose Sharks,SJS,16,St. Louis Blues,STL,7,650,-109,293,242,4036
San Jose Sharks,SJS,16,Tampa Bay Lightning,TBL,25,683,114,284,191,4100
San Jose Sharks,SJS,16,Edmonton Oilers,EDM,10,739,-106,297,238,4203
San Jose Sharks,SJS,16,Chicago Blackhawks,CHI,6,756,112,277,199,4229
San Jose Sharks,SJS,16,Arizona Coyotes,ARI,43,785,-175,349,370,4282
San Jose Sharks,SJS,16,Florida Panthers,FLA,45,848,-102,313,215,4406
San Jose Sharks,SJS,16,Boston Bruins,BOS,20,879,141,279,156,4468
San Jose Sharks,SJS,16,Toronto Maple Leafs,TOR,1,935,104,301,206,4581
San Jose Sharks,SJS,16,Vancouver Canucks,VAN,53,946,-172,350,372,4605
San Jose Sharks,SJS,16,Washington Capitals,WSH,5,995,154,275,147,4701
San Jose Sharks,SJS,16,Nashville Predators,NSH,19,1003,104,295,209,4715
San Jose Sharks,SJS,16,Dallas Stars,DAL,46,1017,-118,317,252,4745
San Jose Sharks,SJS,16,Buffalo Sabres,BUF,17,1032,-139,318,307,4779
San Jose Sharks,SJS,16,St. Louis Blues,STL,7,1048,-114,282,270,4812
San Jose Sharks,SJS,16,Anaheim Ducks,ANA,21,1063,-105,290,235,4840
San Jose Sharks,SJS,16,New York Rangers,NYR,28,1139,116,282,191,4989
San Jose Sharks,SJS,16,Vancouver Canucks,VAN,53,1193,-167,341,369,5100
San Jose Sharks,SJS,16,Edmonton Oilers,EDM,10,1207,125,284,177,5128
San Jose Sharks,SJS,16,Calgary Flames,CGY,11,1223,112,294,194,5158
San Jose Sharks,SJS,16,Edmonton Oilers,EDM,10,1253,131,277,175,5276
San Jose Sharks,SJS,16,Edmonton Oilers,EDM,10,1260,119,277,193,5278
San Jose Sharks,SJS,16,Edmonton Oilers,EDM,10,1273,114,272,202,5282
St. Louis Blues,STL,7,Minnesota Wild,MIN,35,11,125,282,175,2754
St. Louis Blues,STL,7,New York Rangers,NYR,28,25,114,290,190,2782
St. Louis Blues,STL,7,Calgary Flames,CGY,11,89,-135,318,288,2911
St. Louis Blues,STL,7,Detroit Red Wings,DET,18,104,-109,307,231,2939
St. Louis Blues,STL,7,Los Angeles Kings,LAK,41,118,102,281,217,2970
St. Louis Blues,STL,7,Columbus Blue Jackets,CBJ,52,165,-120,305,267,3074
St. Louis Blues,STL,7,Colorado Avalanche,COL,22,174,-119,304,262,3086
St. Louis Blues,STL,7,Chicago Blackhawks,CHI,6,195,119,295,181,3125
St. Louis Blues,STL,7,Buffalo Sabres,BUF,17,237,-133,317,292,3208
St. Louis Blues,STL,7,San Jose Sharks,SJS,16,249,159,278,138,3234
St. Louis Blues,STL,7,Nashville Predators,NSH,19,267,131,285,168,3268
St. Louis Blues,STL,7,Minnesota Wild,MIN,35,318,100,284,225,3372
St. Louis Blues,STL,7,Dallas Stars,DAL,46,329,-108,318,225,3393
St. Louis Blues,STL,7,Tampa Bay Lightning,TBL,25,352,114,283,195,3437
St. Louis Blues,STL,7,Winnipeg Jets,WPG,4,365,-108,296,239,3466
St. Louis Blues,STL,7,Montreal Canadiens,MTL,2,387,-106,300,231,3508
St. Louis Blues,STL,7,New Jersey Devils,NJD,29,450,-128,297,290,3636
St. Louis Blues,STL,7,Chicago Blackhawks,CHI,6,467,117,283,192,3672
St. Louis Blues,STL,7,Edmonton Oilers,EDM,10,478,114,289,192,3695
St. Louis Blues,STL,7,Philadelphia Flyers,PHI,14,529,112,281,202,3797
St. Louis Blues,STL,7,Nashville Predators,NSH,19,544,100,293,220,3827
St. Louis Blues,STL,7,Chicago Blackhawks,CHI,6,561,129,276,177,3861
St. Louis Blues,STL,7,Carolina Hurricanes,CAR,66,580,112,280,200,3899
St. Louis Blues,STL,7,Dallas Stars,DAL,46,598,108,292,200,3933
St. Louis Blues,STL,7,Boston Bruins,BOS,20,614,147,277,152,3964
St. Louis Blues,STL,7,Ottawa Senators,OTT,32,665,108,298,199,4065
St. Louis Blues,STL,7,Washington Capitals,WSH,5,679,181,296,118,4093
St. Louis Blues,STL,7,Winnipeg Jets,WPG,4,751,110,299,192,4220
St. Louis Blues,STL,7,Toronto Maple Leafs,TOR,1,765,127,291,169,4243
St. Louis Blues,STL,7,Vancouver Canucks,VAN,53,853,-119,303,260,4416
St. Louis Blues,STL,7,Florida Panthers,FLA,45,882,108,291,200,4474
St. Louis Blues,STL,7,Edmonton Oilers,EDM,10,931,122,279,184,4571
St. Louis Blues,STL,7,Anaheim Ducks,ANA,21,1000,108,282,209,4709
St. Louis Blues,STL,7,New York Islanders,NYI,51,1009,136,280,165,4727
St. Louis Blues,STL,7,Vancouver Canucks,VAN,53,1096,-147,315,332,4908
St. Louis Blues,STL,7,Calgary Flames,CGY,11,1109,129,268,179,4943
St. Louis Blues,STL,7,Arizona Coyotes,ARI,43,1127,-179,349,390,4966
St. Louis Blues,STL,7,Nashville Predators,NSH,19,1170,114,281,194,5058
St. Louis Blues,STL,7,Winnipeg Jets,WPG,4,1187,-108,309,233,5085
St. Louis Blues,STL,7,Colorado Avalanche,COL,22,1228,-147,336,313,5170
St. Louis Blues,STL,7,Minnesota Wild,MIN,35,1250,177,266,131,5254
St. Louis Blues,STL,7,Minnesota Wild,MIN,35,1263,167,263,142,5256
St. Louis Blues,STL,7,Nashville Predators,NSH,19,1276,143,254,169,5314
St. Louis Blues,STL,7,Nashville Predators,NSH,19,1280,133,276,173,5316
St. Louis Blues,STL,7,Nashville Predators,NSH,19,1292,145,266,161,5322
Tampa Bay Lightning,TBL,25,Detroit Red Wings,DET,18,8,-111,301,241,2751
Tampa Bay Lightning,TBL,25,New Jersey Devils,NJD,29,17,-120,301,264,2770
Tampa Bay Lightning,TBL,25,Florida Panthers,FLA,45,40,102,289,215,2815
Tampa Bay Lightning,TBL,25,Colorado Avalanche,COL,22,54,-125,324,264,2841
Tampa Bay Lightning,TBL,25,Boston Bruins,BOS,20,150,108,285,215,3037
Tampa Bay Lightning,TBL,25,New Jersey Devils,NJD,29,164,-109,284,257,3068
Tampa Bay Lightning,TBL,25,New York Islanders,NYI,51,199,-112,308,242,3137
Tampa Bay Lightning,TBL,25,San Jose Sharks,SJS,16,212,140,281,156,3161
Tampa Bay Lightning,TBL,25,Philadelphia Flyers,PHI,14,294,-106,299,236,3323
Tampa Bay Lightning,TBL,25,Columbus Blue Jackets,CBJ,52,308,112,284,198,3354
Tampa Bay Lightning,TBL,25,Washington Capitals,WSH,5,364,166,270,139,3462
Tampa Bay Lightning,TBL,25,Vancouver Canucks,VAN,53,398,-139,316,309,3534
Tampa Bay Lightning,TBL,25,Pittsburgh Penguins,PIT,8,413,179,299,120,3567
Tampa Bay Lightning,TBL,25,Detroit Red Wings,DET,18,484,104,288,213,3710
Tampa Bay Lightning,TBL,25,St. Louis Blues,STL,7,497,148,276,150,3737
Tampa Bay Lightning,TBL,25,Montreal Canadiens,MTL,2,528,154,280,145,3795
Tampa Bay Lightning,TBL,25,Toronto Maple Leafs,TOR,1,533,118,300,181,3807
Tampa Bay Lightning,TBL,25,Carolina Hurricanes,CAR,66,551,-101,296,222,3839
Tampa Bay Lightning,TBL,25,Winnipeg Jets,WPG,4,568,106,297,202,3875
Tampa Bay Lightning,TBL,25,Nashville Predators,NSH,19,579,131,287,166,3897
Tampa Bay Lightning,TBL,25,Buffalo Sabres,BUF,17,624,-103,293,227,3987
Tampa Bay Lightning,TBL,25,Columbus Blue Jackets,CBJ,52,636,171,289,125,4004
Tampa Bay Lightning,TBL,25,Boston Bruins,BOS,20,747,152,282,142,4216
Tampa Bay Lightning,TBL,25,Ottawa Senators,OTT,32,761,110,299,193,4241
Tampa Bay Lightning,TBL,25,Anaheim Ducks,ANA,21,776,104,292,208,4271
Tampa Bay Lightning,TBL,25,Los Angeles Kings,LAK,41,797,142,279,154,4310
Tampa Bay Lightning,TBL,25,Edmonton Oilers,EDM,10,888,102,304,204,4488
Tampa Bay Lightning,TBL,25,Calgary Flames,CGY,11,897,-103,308,221,4506
Tampa Bay Lightning,TBL,25,Ottawa Senators,OTT,32,922,-114,307,249,4555
Tampa Bay Lightning,TBL,25,Carolina Hurricanes,CAR,66,936,-132,313,287,4583
Tampa Bay Lightning,TBL,25,New York Rangers,NYR,28,972,136,288,158,4657
Tampa Bay Lightning,TBL,25,Minnesota Wild,MIN,35,989,175,294,124,4687
Tampa Bay Lightning,TBL,25,Florida Panthers,FLA,45,1005,114,288,192,4719
Tampa Bay Lightning,TBL,25,Toronto Maple Leafs,TOR,1,1043,127,297,168,4801
Tampa Bay Lightning,TBL,25,Washington Capitals,WSH,5,1057,199,296,108,4830
Tampa Bay Lightning,TBL,25,Arizona Coyotes,ARI,43,1080,-192,363,417,4876
Tampa Bay Lightning,TBL,25,Chicago Blackhawks,CHI,6,1126,139,289,156,4964
Tampa Bay Lightning,TBL,25,Detroit Red Wings,DET,18,1146,-123,322,263,5008
Tampa Bay Lightning,TBL,25,Montreal Canadiens,MTL,2,1163,150,279,148,5038
Tampa Bay Lightning,TBL,25,Dallas Stars,DAL,46,1172,-112,313,239,5054
Tampa Bay Lightning,TBL,25,Buffalo Sabres,BUF,17,1224,-127,326,273,5164
Toronto Maple Leafs,TOR,1,Boston Bruins,BOS,20,22,141,295,150,2765
Toronto Maple Leafs,TOR,1,Tampa Bay Lightning,TBL,25,86,181,296,118,2907
Toronto Maple Leafs,TOR,1,Florida Panthers,FLA,45,101,149,293,144,2935
Toronto Maple Leafs,TOR,1,Edmonton Oilers,EDM,10,133,142,292,154,3003
Toronto Maple Leafs,TOR,1,Vancouver Canucks,VAN,53,163,-104,290,240,3062
Toronto Maple Leafs,TOR,1,Los Angeles Kings,LAK,41,188,152,292,141,3111
Toronto Maple Leafs,TOR,1,Philadelphia Flyers,PHI,14,206,145,293,147,3148
Toronto Maple Leafs,TOR,1,Nashville Predators,NSH,19,233,152,299,139,3202
Toronto Maple Leafs,TOR,1,Florida Panthers,FLA,45,247,137,299,150,3230
Toronto Maple Leafs,TOR,1,Carolina Hurricanes,CAR,66,283,112,299,189,3302
Toronto Maple Leafs,TOR,1,Washington Capitals,WSH,5,313,158,294,136,3361
Toronto Maple Leafs,TOR,1,Minnesota Wild,MIN,35,391,152,284,143,3517
Toronto Maple Leafs,TOR,1,Colorado Avalanche,COL,22,425,-111,309,237,3587
Toronto Maple Leafs,TOR,1,San Jose Sharks,SJS,16,435,150,283,146,3607
Toronto Maple Leafs,TOR,1,Arizona Coyotes,ARI,43,447,-149,330,321,3631
Toronto Maple Leafs,TOR,1,Pittsburgh Penguins,PIT,8,463,156,305,133,3661
Toronto Maple Leafs,TOR,1,Anaheim Ducks,ANA,21,477,129,290,168,3693
Toronto Maple Leafs,TOR,1,Detroit Red Wings,DET,18,558,-108,300,234,3855
Toronto Maple Leafs,TOR,1,Montreal Canadiens,MTL,2,593,152,290,143,3924
Toronto Maple Leafs,TOR,1,Buffalo Sabres,BUF,17,664,-123,305,275,4063
Toronto Maple Leafs,TOR,1,New York Rangers,NYR,28,678,140,296,150,4090
Toronto Maple Leafs,TOR,1,Ottawa Senators,OTT,32,692,106,292,206,4117
Toronto Maple Leafs,TOR,1,Calgary Flames,CGY,11,709,112,294,195,4147
Toronto Maple Leafs,TOR,1,Dallas Stars,DAL,46,796,137,301,152,4304
Toronto Maple Leafs,TOR,1,St. Louis Blues,STL,7,810,119,292,179,4332
Toronto Maple Leafs,TOR,1,Buffalo Sabres,BUF,17,824,-110,315,229,4356
Toronto Maple Leafs,TOR,1,New York Islanders,NYI,51,840,114,296,184,4390
Toronto Maple Leafs,TOR,1,Ottawa Senators,OTT,32,863,117,285,188,4436
Toronto Maple Leafs,TOR,1,Winnipeg Jets,WPG,4,887,104,300,204,4484
Toronto Maple Leafs,TOR,1,New York Rangers,NYR,28,896,144,305,144,4502
Toronto Maple Leafs,TOR,1,Montreal Canadiens,MTL,2,910,143,300,149,4528
Toronto Maple Leafs,TOR,1,Detroit Red Wings,DET,18,976,-123,318,265,4664
Toronto Maple Leafs,TOR,1,Philadelphia Flyers,PHI,14,988,108,294,202,4685
Toronto Maple Leafs,TOR,1,Chicago Blackhawks,CHI,6,1056,134,297,159,4826
Toronto Maple Leafs,TOR,1,Boston Bruins,BOS,20,1071,170,284,131,4856
Toronto Maple Leafs,TOR,1,New Jersey Devils,NJD,29,1092,-115,304,250,4899
Toronto Maple Leafs,TOR,1,Florida Panthers,FLA,45,1134,-101,304,218,4978
Toronto Maple Leafs,TOR,1,Washington Capitals,WSH,5,1185,197,299,110,5082
Toronto Maple Leafs,TOR,1,Tampa Bay Lightning,TBL,25,1201,106,295,206,5114
Toronto Maple Leafs,TOR,1,Pittsburgh Penguins,PIT,8,1216,-111,316,239,5141
Toronto Maple Leafs,TOR,1,Columbus Blue Jackets,CBJ,52,1227,100,312,214,5168
Toronto Maple Leafs,TOR,1,Washington Capitals,WSH,5,1254,214,290,104,5216
Toronto Maple Leafs,TOR,1,Washington Capitals,WSH,5,1261,206,299,106,5218
Toronto Maple Leafs,TOR,1,Washington Capitals,WSH,5,1275,192,287,116,5223
Vancouver Canucks,VAN,53,Calgary Flames,CGY,11,29,129,291,168,2790
Vancouver Canucks,VAN,53,Carolina Hurricanes,CAR,66,32,164,284,134,2795
Vancouver Canucks,VAN,53,St. Louis Blues,STL,7,48,216,299,100,2827
Vancouver Canucks,VAN,53,Buffalo Sabres,BUF,17,61,110,299,192,2854
Vancouver Canucks,VAN,53,Ottawa Senators,OTT,32,91,156,281,140,2915
Vancouver Canucks,VAN,53,Edmonton Oilers,EDM,10,111,158,282,138,2955
Vancouver Canucks,VAN,53,Washington Capitals,WSH,5,121,278,316,-128,2976
Vancouver Canucks,VAN,53,Dallas Stars,DAL,46,224,168,286,129,3184
Vancouver Canucks,VAN,53,New York Rangers,NYR,28,241,263,299,-118,3217
Vancouver Canucks,VAN,53,Chicago Blackhawks,CHI,6,270,212,304,100,3274
Vancouver Canucks,VAN,53,Minnesota Wild,MIN,35,339,206,278,110,3414
Vancouver Canucks,VAN,53,Anaheim Ducks,ANA,21,356,219,287,102,3447
Vancouver Canucks,VAN,53,Toronto Maple Leafs,TOR,1,363,204,293,108,3468
Vancouver Canucks,VAN,53,Tampa Bay Lightning,TBL,25,459,166,285,131,3655
Vancouver Canucks,VAN,53,Columbus Blue Jackets,CBJ,52,472,235,291,-104,3681
Vancouver Canucks,VAN,53,Winnipeg Jets,WPG,4,490,183,283,121,3719
Vancouver Canucks,VAN,53,Winnipeg Jets,WPG,4,503,156,278,143,3745
Vancouver Canucks,VAN,53,Los Angeles Kings,LAK,41,530,218,287,102,3799
Vancouver Canucks,VAN,53,Anaheim Ducks,ANA,21,545,168,280,131,3829
Vancouver Canucks,VAN,53,Colorado Avalanche,COL,22,563,100,292,220,3865
Vancouver Canucks,VAN,53,Arizona Coyotes,ARI,43,574,110,290,200,3889
Vancouver Canucks,VAN,53,Calgary Flames,CGY,11,588,169,272,135,3914
Vancouver Canucks,VAN,53,New Jersey Devils,NJD,29,652,120,276,190,4042
Vancouver Canucks,VAN,53,Nashville Predators,NSH,19,669,193,273,120,4072
Vancouver Canucks,VAN,53,Florida Panthers,FLA,45,689,146,268,156,4112
Vancouver Canucks,VAN,53,San Jose Sharks,SJS,16,767,225,286,100,4250
Vancouver Canucks,VAN,53,Minnesota Wild,MIN,35,784,236,291,-108,4280
Vancouver Canucks,VAN,53,Calgary Flames,CGY,11,869,177,271,129,4448
Vancouver Canucks,VAN,53,Philadelphia Flyers,PHI,14,881,184,279,120,4472
Vancouver Canucks,VAN,53,San Jose Sharks,SJS,16,912,296,337,-137,4537
Vancouver Canucks,VAN,53,Detroit Red Wings,DET,18,934,146,280,152,4579
Vancouver Canucks,VAN,53,Montreal Canadiens,MTL,2,982,238,291,-106,4674
Vancouver Canucks,VAN,53,New York Islanders,NYI,51,994,195,285,112,4697
Vancouver Canucks,VAN,53,Pittsburgh Penguins,PIT,8,1011,237,296,-106,4731
Vancouver Canucks,VAN,53,Boston Bruins,BOS,20,1023,279,303,-123,4757
Vancouver Canucks,VAN,53,Dallas Stars,DAL,46,1046,171,290,127,4806
Vancouver Canucks,VAN,53,Anaheim Ducks,ANA,21,1138,256,293,-114,4987
Vancouver Canucks,VAN,53,Los Angeles Kings,LAK,41,1158,254,286,-111,5028
Vancouver Canucks,VAN,53,San Jose Sharks,SJS,16,1175,280,309,-128,5062
Vancouver Canucks,VAN,53,Edmonton Oilers,EDM,10,1222,312,319,-141,5156
Winnipeg Jets,WPG,4,Carolina Hurricanes,CAR,66,10,124,282,179,2756
Winnipeg Jets,WPG,4,Boston Bruins,BOS,20,36,133,288,163,2803
Winnipeg Jets,WPG,4,Toronto Maple Leafs,TOR,1,49,139,305,149,2831
Winnipeg Jets,WPG,4,Edmonton Oilers,EDM,10,77,149,298,142,2886
Winnipeg Jets,WPG,4,Dallas Stars,DAL,46,103,136,300,154,2941
Winnipeg Jets,WPG,4,Buffalo Sabres,BUF,17,123,-105,309,223,2980
Winnipeg Jets,WPG,4,Washington Capitals,WSH,5,137,237,301,-111,3011
Winnipeg Jets,WPG,4,Dallas Stars,DAL,46,190,134,294,160,3117
Winnipeg Jets,WPG,4,Los Angeles Kings,LAK,41,223,139,286,156,3181
Winnipeg Jets,WPG,4,Chicago Blackhawks,CHI,6,236,185,287,118,3212
Winnipeg Jets,WPG,4,Nashville Predators,NSH,19,322,154,290,139,3385
Winnipeg Jets,WPG,4,New Jersey Devils,NJD,29,335,114,280,197,3406
Winnipeg Jets,WPG,4,Edmonton Oilers,EDM,10,351,140,289,154,3439
Winnipeg Jets,WPG,4,Detroit Red Wings,DET,18,386,117,277,193,3512
Winnipeg Jets,WPG,4,New York Rangers,NYR,28,401,139,270,166,3538
Winnipeg Jets,WPG,4,Florida Panthers,FLA,45,449,137,278,162,3639
Winnipeg Jets,WPG,4,Colorado Avalanche,COL,22,471,-109,284,252,3679
Winnipeg Jets,WPG,4,Columbus Blue Jackets,CBJ,52,535,171,286,129,3815
Winnipeg Jets,WPG,4,New York Islanders,NYI,51,550,112,291,197,3843
Winnipeg Jets,WPG,4,Calgary Flames,CGY,11,610,124,278,183,3957
Winnipeg Jets,WPG,4,Montreal Canadiens,MTL,2,620,125,292,173,3977
Winnipeg Jets,WPG,4,Arizona Coyotes,ARI,43,671,-122,316,258,4078
Winnipeg Jets,WPG,4,St. Louis Blues,STL,7,690,129,299,165,4113
Winnipeg Jets,WPG,4,Anaheim Ducks,ANA,21,710,146,280,152,4149
Winnipeg Jets,WPG,4,San Jose Sharks,SJS,16,719,150,286,146,4168
Winnipeg Jets,WPG,4,Minnesota Wild,MIN,35,800,174,292,122,4314
Winnipeg Jets,WPG,4,Chicago Blackhawks,CHI,6,815,140,296,152,4343
Winnipeg Jets,WPG,4,Tampa Bay Lightning,TBL,25,823,127,291,168,4364
Winnipeg Jets,WPG,4,Dallas Stars,DAL,46,842,123,290,174,4396
Winnipeg Jets,WPG,4,Minnesota Wild,MIN,35,930,138,300,152,4573
Winnipeg Jets,WPG,4,St. Louis Blues,STL,7,950,135,292,160,4611
Winnipeg Jets,WPG,4,Colorado Avalanche,COL,22,954,-139,333,294,4632
Winnipeg Jets,WPG,4,San Jose Sharks,SJS,16,974,144,286,152,4659
Winnipeg Jets,WPG,4,Calgary Flames,CGY,11,1004,129,294,166,4723
Winnipeg Jets,WPG,4,Minnesota Wild,MIN,35,1066,179,309,117,4846
Winnipeg Jets,WPG,4,Philadelphia Flyers,PHI,14,1083,141,294,152,4882
Winnipeg Jets,WPG,4,Vancouver Canucks,VAN,53,1121,-108,305,231,4956
Winnipeg Jets,WPG,4,Anaheim Ducks,ANA,21,1149,188,295,116,5013
Winnipeg Jets,WPG,4,Ottawa Senators,OTT,32,1162,124,292,175,5044
Winnipeg Jets,WPG,4,Nashville Predators,NSH,19,1215,148,295,145,5149
Washington Capitals,WSH,5,New York Islanders,NYI,51,21,-123,309,266,2776
Washington Capitals,WSH,5,Colorado Avalanche,COL,22,37,-139,329,290,2810
Washington Capitals,WSH,5,New York Rangers,NYR,28,71,-104,293,231,2874
Washington Capitals,WSH,5,Winnipeg Jets,WPG,4,146,-147,322,326,3033
Washington Capitals,WSH,5,Florida Panthers,FLA,45,162,-112,286,262,3072
Washington Capitals,WSH,5,San Jose Sharks,SJS,16,183,123,280,179,3109
Washington Capitals,WSH,5,Pittsburgh Penguins,PIT,8,243,158,294,134,3222
Washington Capitals,WSH,5,Detroit Red Wings,DET,18,255,-141,338,309,3247
Washington Capitals,WSH,5,Columbus Blue Jackets,CBJ,52,271,-127,320,272,3276
Washington Capitals,WSH,5,St. Louis Blues,STL,7,288,-115,301,252,3318
Washington Capitals,WSH,5,Buffalo Sabres,BUF,17,306,-133,305,300,3347
Washington Capitals,WSH,5,New York Islanders,NYI,51,345,-149,332,322,3431
Washington Capitals,WSH,5,Buffalo Sabres,BUF,17,378,-125,308,275,3496
Washington Capitals,WSH,5,Boston Bruins,BOS,20,392,114,282,195,3520
Washington Capitals,WSH,5,Vancouver Canucks,VAN,53,422,-182,351,391,3583
Washington Capitals,WSH,5,Montreal Canadiens,MTL,2,462,117,281,191,3667
Washington Capitals,WSH,5,Tampa Bay Lightning,TBL,25,504,-135,312,299,3753
Washington Capitals,WSH,5,New Jersey Devils,NJD,29,531,-167,347,355,3803
Washington Capitals,WSH,5,Ottawa Senators,OTT,32,559,-118,299,261,3857
Washington Capitals,WSH,5,Toronto Maple Leafs,TOR,1,564,100,296,215,3869
Washington Capitals,WSH,5,Columbus Blue Jackets,CBJ,52,577,123,288,177,3895
Washington Capitals,WSH,5,Pittsburgh Penguins,PIT,8,621,131,282,169,3979
Washington Capitals,WSH,5,Chicago Blackhawks,CHI,6,632,100,284,225,4002
Washington Capitals,WSH,5,Philadelphia Flyers,PHI,14,651,-152,333,329,4038
Washington Capitals,WSH,5,Carolina Hurricanes,CAR,66,707,-125,309,271,4146
Washington Capitals,WSH,5,Boston Bruins,BOS,20,757,-105,292,234,4231
Washington Capitals,WSH,5,Los Angeles Kings,LAK,41,786,-102,286,229,4284
Washington Capitals,WSH,5,Carolina Hurricanes,CAR,66,792,-137,323,290,4301
Washington Capitals,WSH,5,Detroit Red Wings,DET,18,804,-169,344,351,4328
Washington Capitals,WSH,5,Anaheim Ducks,ANA,21,827,-128,307,285,4362
Washington Capitals,WSH,5,Edmonton Oilers,EDM,10,902,-130,313,286,4514
Washington Capitals,WSH,5,New Jersey Devils,NJD,29,938,-200,365,438,4593
Washington Capitals,WSH,5,Philadelphia Flyers,PHI,14,960,-175,353,378,4630
Washington Capitals,WSH,5,Dallas Stars,DAL,46,971,-172,374,351,4653
Washington Capitals,WSH,5,Minnesota Wild,MIN,35,1026,108,294,200,4765
Washington Capitals,WSH,5,Nashville Predators,NSH,19,1038,-114,312,244,4793
Washington Capitals,WSH,5,Calgary Flames,CGY,11,1076,-127,304,287,4872
Washington Capitals,WSH,5,Columbus Blue Jackets,CBJ,52,1090,-114,301,250,4897
Washington Capitals,WSH,5,New York Rangers,NYR,28,1196,-133,326,288,5104
Washington Capitals,WSH,5,Florida Panthers,FLA,45,1229,-130,319,284,5176
Washington Capitals,WSH,5,Toronto Maple Leafs,TOR,1,1239,-154,338,348,5211
Washington Capitals,WSH,5,Toronto Maple Leafs,TOR,1,1247,-145,329,322,5213
Washington Capitals,WSH,5,Toronto Maple Leafs,TOR,1,1269,-130,312,293,5220
Washington Capitals,WSH,5,Pittsburgh Penguins,PIT,8,1279,124,288,179,5300
Washington Capitals,WSH,5,Pittsburgh Penguins,PIT,8,1283,102,296,215,5302
Washington Capitals,WSH,5,Pittsburgh Penguins,PIT,8,1300,-102,292,231,5312
